_elapsed,_wall,angular.x,angular.y,angular.z,linear.x,linear.y,linear.z
0.178845,1788156944.297593,0.0,0.0,0.0,0.0,0.0,0.0
0.284247,1788156944.402996,0.0,0.0,0.0,0.0,0.0,0.0
0.386191,1788156944.504940,0.0,0.0,0.0,0.0,0.0,0.0
0.491570,1788156944.610318,0.0,0.0,0.0,0.0,0.0,0.0
0.593744,1788156944.712493,0.0,0.0,0.0,0.0,0.0,0.0
0.696133,1788156944.814882,0.0,0.0,0.0,0.0,0.0,0.0
0.800188,1788156944.918937,0.0,0.0,0.0,0.0,0.0,0.0
0.903903,1788156945.022652,0.0,0.0,0.0,0.0,0.0,0.0
1.007207,1788156945.125955,0.0,0.0,0.0,0.0,0.0,0.0
1.110334,1788156945.229082,0.0,0.0,0.0,0.0,0.0,0.0
1.213667,1788156945.332416,0.0,0.0,0.0,0.0,0.0,0.0
1.317403,1788156945.436152,0.0,0.0,0.0,0.0,0.0,0.0
1.419882,1788156945.538631,0.0,0.0,0.0,0.0,0.0,0.0
1.523564,1788156945.642313,0.0,0.0,0.0,0.0,0.0,0.0
1.627904,1788156945.746652,0.0,0.0,0.0,0.0,0.0,0.0
1.731148,1788156945.849897,0.0,0.0,0.0,0.0,0.0,0.0
1.834772,1788156945.953521,0.0,0.0,0.0,0.0,0.0,0.0
1.938037,1788156946.056786,0.0,0.0,0.0,0.0,0.0,0.0
2.043370,1788156946.162118,0.0,0.0,0.0,0.0,0.0,0.0
2.143077,1788156946.261826,0.0,0.0,0.0,0.0,0.0,0.0
2.245817,1788156946.364566,0.0,0.0,0.0,0.0,0.0,0.0
2.348416,1788156946.467164,0.0,0.0,0.0,0.0,0.0,0.0
2.451454,1788156946.570203,0.0,0.0,0.0,0.0,0.0,0.0
2.553017,1788156946.671766,0.0,0.0,0.0,0.0,0.0,0.0
2.655255,1788156946.774004,0.0,0.0,0.0,0.0,0.0,0.0
2.759142,1788156946.877891,0.0,0.0,0.0,0.0,0.0,0.0
2.860934,1788156946.979682,0.0,0.0,0.0,0.0,0.0,0.0
2.963099,1788156947.081848,0.0,0.0,0.0,0.0,0.0,0.0
3.065352,1788156947.184101,0.0,0.0,0.0,0.0,0.0,0.0
3.168085,1788156947.286834,0.0,0.0,0.0,0.0,0.0,0.0
3.270086,1788156947.388835,0.0,0.0,0.0,0.0,0.0,0.0
3.372702,1788156947.491451,0.0,0.0,0.0,0.0,0.0,0.0
3.476196,1788156947.594945,0.0,0.0,0.0,0.0,0.0,0.0
3.581391,1788156947.700140,0.0,0.0,0.0,0.0,0.0,0.0
3.683542,1788156947.802290,0.0,0.0,0.0,0.0,0.0,0.0
3.785535,1788156947.904284,0.0,0.0,0.0,0.0,0.0,0.0
3.886982,1788156948.005731,0.0,0.0,0.0,0.0,0.0,0.0
3.991688,1788156948.110436,0.0,0.0,0.0,0.0,0.0,0.0
4.092476,1788156948.211224,0.0,0.0,0.0,0.0,0.0,0.0
4.196723,1788156948.315471,0.0,0.0,0.0,0.0,0.0,0.0
4.297845,1788156948.416593,0.0,0.0,0.0,0.0,0.0,0.0
4.400747,1788156948.519496,0.0,0.0,0.0,0.0,0.0,0.0
4.504349,1788156948.623097,0.0,0.0,0.0,0.0,0.0,0.0
4.606447,1788156948.725196,0.0,0.0,0.0,0.0,0.0,0.0
4.708921,1788156948.827670,0.0,0.0,0.0,0.0,0.0,0.0
4.809637,1788156948.928386,0.0,0.0,0.0,0.0,0.0,0.0
4.915151,1788156949.033900,0.0,0.0,0.0,0.0,0.0,0.0
5.022050,1788156949.140799,0.0,0.0,0.0,0.0,0.0,0.0
5.125170,1788156949.243918,0.0,0.0,0.0,0.0,0.0,0.0
5.225986,1788156949.344734,0.0,0.0,0.0,0.0,0.0,0.0
5.328864,1788156949.447613,0.0,0.0,0.0,0.0,0.0,0.0
5.432479,1788156949.551228,0.0,0.0,0.0,0.0,0.0,0.0
5.537088,1788156949.655837,0.0,0.0,0.0,0.0,0.0,0.0
5.641026,1788156949.759775,0.0,0.0,0.0,0.0,0.0,0.0
5.745623,1788156949.864371,0.0,0.0,0.0,0.0,0.0,0.0
5.849348,1788156949.968097,0.0,0.0,0.0,0.0,0.0,0.0
5.951882,1788156950.070630,0.0,0.0,0.0,0.0,0.0,0.0
6.055980,1788156950.174729,0.0,0.0,0.0,0.0,0.0,0.0
6.157151,1788156950.275900,0.0,0.0,0.0,0.0,0.0,0.0
6.259171,1788156950.377919,0.0,0.0,0.0,0.0,0.0,0.0
6.363002,1788156950.481751,0.0,0.0,0.0,0.0,0.0,0.0
6.466602,1788156950.585351,0.0,0.0,0.0,0.0,0.0,0.0
6.570508,1788156950.689257,0.0,0.0,0.0,0.0,0.0,0.0
6.673576,1788156950.792325,0.0,0.0,0.0,0.0,0.0,0.0
6.779090,1788156950.897839,0.0,0.0,0.0,0.0,0.0,0.0
6.878910,1788156950.997658,0.0,0.0,0.0,0.0,0.0,0.0
6.982248,1788156951.100996,0.0,0.0,0.0,0.0,0.0,0.0
7.085618,1788156951.204367,0.0,0.0,0.0,0.0,0.0,0.0
7.189500,1788156951.308248,0.0,0.0,0.0,0.0,0.0,0.0
7.292935,1788156951.411684,0.0,0.0,0.0,0.0,0.0,0.0
7.396263,1788156951.515012,0.0,0.0,0.0,0.0,0.0,0.0
7.499045,1788156951.617794,0.0,0.0,0.0,0.0,0.0,0.0
7.600747,1788156951.719496,0.0,0.0,0.0,0.0,0.0,0.0
7.703814,1788156951.822562,0.0,0.0,0.0,0.0,0.0,0.0
7.807212,1788156951.925960,0.0,0.0,0.0,0.0,0.0,0.0
7.911602,1788156952.030351,0.0,0.0,0.0,0.0,0.0,0.0
8.012863,1788156952.131612,0.0,0.0,0.0,0.0,0.0,0.0
8.115515,1788156952.234264,0.0,0.0,0.0,0.0,0.0,0.0
8.220537,1788156952.339286,0.0,0.0,0.0,0.0,0.0,0.0
8.327047,1788156952.445796,0.0,0.0,0.0,0.0,0.0,0.0
8.431642,1788156952.550390,0.0,0.0,0.0,0.0,0.0,0.0
8.537021,1788156952.655770,0.0,0.0,0.0,0.0,0.0,0.0
8.640194,1788156952.758943,0.0,0.0,0.0,0.0,0.0,0.0
8.749275,1788156952.868023,0.0,0.0,0.0,0.0,0.0,0.0
8.850178,1788156952.968927,0.0,0.0,0.0,0.0,0.0,0.0
8.954425,1788156953.073174,0.0,0.0,0.0,0.0,0.0,0.0
9.057921,1788156953.176669,0.0,0.0,0.0,0.0,0.0,0.0
9.159494,1788156953.278243,0.0,0.0,0.0,0.0,0.0,0.0
9.261648,1788156953.380397,0.0,0.0,0.0,0.0,0.0,0.0
9.363772,1788156953.482521,0.0,0.0,0.0,0.0,0.0,0.0
9.466343,1788156953.585092,0.0,0.0,0.0,0.0,0.0,0.0
9.569769,1788156953.688518,0.0,0.0,0.0,0.0,0.0,0.0
9.671447,1788156953.790195,0.0,0.0,0.0,0.0,0.0,0.0
9.773978,1788156953.892727,0.0,0.0,0.0,0.0,0.0,0.0
9.876061,1788156953.994810,0.0,0.0,0.0,0.0,0.0,0.0
9.978148,1788156954.096896,0.0,0.0,0.0,0.0,0.0,0.0
10.080340,1788156954.199089,0.0,0.0,0.0,0.0,0.0,0.0
10.184476,1788156954.303224,0.0,0.0,0.0,0.0,0.0,0.0
10.285355,1788156954.404104,0.0,0.0,0.0,0.0,0.0,0.0
10.387510,1788156954.506259,0.0,0.0,0.0,0.0,0.0,0.0
10.489844,1788156954.608593,0.0,0.0,0.0,0.0,0.0,0.0
10.592977,1788156954.711725,0.0,0.0,0.0,0.0,0.0,0.0
10.695871,1788156954.814620,0.0,0.0,0.0,0.0,0.0,0.0
10.800679,1788156954.919428,0.0,0.0,0.0,0.0,0.0,0.0
10.901193,1788156955.019941,0.0,0.0,0.0,0.0,0.0,0.0
11.005167,1788156955.123916,0.0,0.0,0.0,0.0,0.0,0.0
11.105978,1788156955.224727,0.0,0.0,0.0,0.0,0.0,0.0
11.210783,1788156955.329532,0.0,0.0,0.0,0.0,0.0,0.0
11.314742,1788156955.433491,0.0,0.0,0.0,0.0,0.0,0.0
11.419594,1788156955.538343,0.0,0.0,0.0,0.0,0.0,0.0
11.520394,1788156955.639143,0.0,0.0,0.0,0.0,0.0,0.0
11.626502,1788156955.745250,0.0,0.0,0.0,0.0,0.0,0.0
11.727372,1788156955.846121,0.0,0.0,0.0,0.0,0.0,0.0
11.831753,1788156955.950502,0.0,0.0,0.0,0.0,0.0,0.0
11.935184,1788156956.053933,0.0,0.0,0.0,0.0,0.0,0.0
12.035948,1788156956.154696,0.0,0.0,0.0,0.0,0.0,0.0
12.139211,1788156956.257960,0.0,0.0,0.0,0.0,0.0,0.0
12.242521,1788156956.361269,0.0,0.0,0.0,0.0,0.0,0.0
12.350764,1788156956.469513,0.0,0.0,0.0,0.0,0.0,0.0
12.453047,1788156956.571796,0.0,0.0,0.0,0.0,0.0,0.0
12.556213,1788156956.674962,0.0,0.0,0.0,0.0,0.0,0.0
12.659734,1788156956.778483,0.0,0.0,0.0,0.0,0.0,0.0
12.761883,1788156956.880632,0.0,0.0,0.0,0.0,0.0,0.0
12.864053,1788156956.982802,0.0,0.0,0.0,0.0,0.0,0.0
12.966311,1788156957.085059,0.0,0.0,0.0,0.0,0.0,0.0
13.068520,1788156957.187268,0.0,0.0,0.0,0.0,0.0,0.0
13.170651,1788156957.289399,0.0,0.0,0.0,0.0,0.0,0.0
13.272772,1788156957.391520,0.0,0.0,0.0,0.0,0.0,0.0
13.375458,1788156957.494206,0.0,0.0,0.0,0.0,0.0,0.0
13.478929,1788156957.597678,0.0,0.0,0.0,0.0,0.0,0.0
13.581362,1788156957.700111,0.0,0.0,0.0,0.0,0.0,0.0
13.684738,1788156957.803487,0.0,0.0,0.0,0.0,0.0,0.0
13.788135,1788156957.906883,0.0,0.0,0.0,0.0,0.0,0.0
13.892749,1788156958.011498,0.0,0.0,0.0,0.0,0.0,0.0
13.994302,1788156958.113050,0.0,0.0,0.0,0.0,0.0,0.0
14.096545,1788156958.215294,0.0,0.0,0.0,0.0,0.0,0.0
14.199956,1788156958.318705,0.0,0.0,0.0,0.0,0.0,0.0
14.301551,1788156958.420300,0.0,0.0,0.0,0.0,0.0,0.0
14.403662,1788156958.522411,0.0,0.0,0.0,0.0,0.0,0.0
14.505849,1788156958.624598,0.0,0.0,0.0,0.0,0.0,0.0
14.608096,1788156958.726844,0.0,0.0,0.0,0.0,0.0,0.0
14.712452,1788156958.831200,0.0,0.0,0.0,0.0,0.0,0.0
14.813174,1788156958.931922,0.0,0.0,0.0,0.0,0.0,0.0
14.916450,1788156959.035198,0.0,0.0,0.0,0.0,0.0,0.0
15.020128,1788156959.138877,0.0,0.0,0.0,0.0,0.0,0.0
15.121286,1788156959.240035,0.0,0.0,0.0,0.0,0.0,0.0
15.224233,1788156959.342982,0.0,0.0,0.0,0.0,0.0,0.0
15.328062,1788156959.446810,0.0,0.0,0.0,0.0,0.0,0.0
15.428836,1788156959.547585,0.0,0.0,0.0,0.0,0.0,0.0
15.532685,1788156959.651433,0.0,0.0,0.0,0.0,0.0,0.0
15.637110,1788156959.755858,0.0,0.0,0.0,0.0,0.0,0.0
15.738052,1788156959.856801,0.0,0.0,0.0,0.0,0.0,0.0
15.842765,1788156959.961513,0.0,0.0,0.0,0.0,0.0,0.0
15.947151,1788156960.065900,0.0,0.0,0.0,0.0,0.0,0.0
16.050221,1788156960.168970,0.0,0.0,0.0,0.0,0.0,0.0
16.155349,1788156960.274098,0.0,0.0,0.0,0.0,0.0,0.0
16.258345,1788156960.377093,0.0,0.0,0.0,0.0,0.0,0.0
16.361432,1788156960.480181,0.0,0.0,0.0,0.0,0.0,0.0
16.465526,1788156960.584274,0.0,0.0,0.0,0.0,0.0,0.0
16.566666,1788156960.685415,0.0,0.0,0.0,0.0,0.0,0.0
16.668704,1788156960.787452,0.0,0.0,0.0,0.0,0.0,0.0
16.770739,1788156960.889488,0.0,0.0,0.0,0.0,0.0,0.0
16.872731,1788156960.991480,0.0,0.0,0.0,0.0,0.0,0.0
16.974771,1788156961.093519,0.0,0.0,0.0,0.0,0.0,0.0
17.077550,1788156961.196299,0.0,0.0,0.0,0.0,0.0,0.0
17.187608,1788156961.306357,0.0,0.0,0.0,0.0,0.0,0.0
17.290065,1788156961.408813,0.0,0.0,0.0,0.0,0.0,0.0
17.391789,1788156961.510537,0.0,0.0,0.0,0.0,0.0,0.0
17.496163,1788156961.614912,0.0,0.0,0.0,0.0,0.0,0.0
17.601074,1788156961.719823,0.0,0.0,0.0,0.0,0.0,0.0
17.704551,1788156961.823299,0.0,0.0,0.0,0.0,0.0,0.0
17.806737,1788156961.925486,0.0,0.0,0.0,0.0,0.0,0.0
17.909235,1788156962.027983,0.0,0.0,0.0,0.0,0.0,0.0
18.011629,1788156962.130378,0.0,0.0,0.0,0.0,0.0,0.0
18.114209,1788156962.232958,0.0,0.0,0.0,0.0,0.0,0.0
18.216533,1788156962.335282,0.0,0.0,0.0,0.0,0.0,0.0
18.318644,1788156962.437393,0.0,0.0,0.0,0.0,0.0,0.0
18.421853,1788156962.540602,0.0,0.0,0.0,0.0,0.0,0.0
18.526755,1788156962.645504,0.0,0.0,0.0,0.0,0.0,0.0
18.626892,1788156962.745641,0.0,0.0,0.0,0.0,0.0,0.0
18.731728,1788156962.850477,0.0,0.0,0.0,0.0,0.0,0.0
18.832568,1788156962.951317,0.0,0.0,0.0,0.0,0.0,0.0
18.936556,1788156963.055304,0.0,0.0,0.0,0.0,0.0,0.0
19.040642,1788156963.159391,0.0,0.0,0.0,0.0,0.0,0.0
19.142832,1788156963.261581,0.0,0.0,0.0,0.0,0.0,0.0
19.246791,1788156963.365540,0.0,0.0,0.0,0.0,0.0,0.0
19.351330,1788156963.470079,0.0,0.0,0.0,0.0,0.0,0.0
19.452530,1788156963.571279,0.0,0.0,0.0,0.0,0.0,0.0
19.554757,1788156963.673506,0.0,0.0,0.0,0.0,0.0,0.0
19.657027,1788156963.775776,0.0,0.0,0.0,0.0,0.0,0.0
19.760104,1788156963.878853,0.0,0.0,0.0,0.0,0.0,0.0
19.861372,1788156963.980121,0.0,0.0,0.0,0.0,0.0,0.0
19.963179,1788156964.081928,0.0,0.0,0.0,0.0,0.0,0.0
20.065435,1788156964.184184,0.0,0.0,0.0,0.0,0.0,0.0
20.167665,1788156964.286414,0.0,0.0,0.0,0.0,0.0,0.0
20.269756,1788156964.388505,0.0,0.0,0.0,0.0,0.0,0.0
20.374728,1788156964.493477,0.0,0.0,0.0,0.0,0.0,0.0
20.480004,1788156964.598753,0.0,0.0,0.0,0.0,0.0,0.0
20.580775,1788156964.699524,0.0,0.0,0.0,0.0,0.0,0.0
20.685539,1788156964.804288,0.0,0.0,0.0,0.0,0.0,0.0
20.795264,1788156964.914012,0.0,0.0,0.0,0.0,0.0,0.0
20.897384,1788156965.016133,0.0,0.0,0.0,0.0,0.0,0.0
21.000440,1788156965.119189,0.0,0.0,0.0,0.0,0.0,0.0
21.104476,1788156965.223225,0.0,0.0,0.0,0.0,0.0,0.0
21.209010,1788156965.327759,0.0,0.0,0.0,0.0,0.0,0.0
21.310106,1788156965.428855,0.0,0.0,0.0,0.0,0.0,0.0
21.414263,1788156965.533011,0.0,0.0,0.0,0.0,0.0,0.0
21.516284,1788156965.635032,0.0,0.0,0.0,0.0,0.0,0.0
21.617337,1788156965.736085,0.0,0.0,0.0,0.0,0.0,0.0
21.724039,1788156965.842788,0.0,0.0,0.0,0.0,0.0,0.0
21.824870,1788156965.943618,0.0,0.0,0.0,0.0,0.0,0.0
21.928061,1788156966.046809,0.0,0.0,0.0,0.0,0.0,0.0
22.030801,1788156966.149550,0.0,0.0,0.0,0.0,0.0,0.0
22.137074,1788156966.255823,0.0,0.0,0.0,0.0,0.0,0.0
22.240061,1788156966.358810,0.0,0.0,0.0,0.0,0.0,0.0
22.343628,1788156966.462377,0.0,0.0,0.0,0.0,0.0,0.0
22.445234,1788156966.563982,0.0,0.0,0.0,0.0,0.0,0.0
22.549645,1788156966.668394,0.0,0.0,0.0,0.0,0.0,0.0
22.650391,1788156966.769140,0.0,0.0,0.0,0.0,0.0,0.0
22.754356,1788156966.873105,0.0,0.0,0.0,0.0,0.0,0.0
22.856787,1788156966.975536,0.0,0.0,0.0,0.0,0.0,0.0
22.961006,1788156967.079755,0.0,0.0,0.0,0.0,0.0,0.0
23.067956,1788156967.186705,0.0,0.0,0.0,0.0,0.0,0.0
23.171575,1788156967.290324,0.0,0.0,0.0,0.0,0.0,0.0
23.274632,1788156967.393380,0.0,0.0,0.0,0.0,0.0,0.0
23.378487,1788156967.497236,0.0,0.0,0.0,0.0,0.0,0.0
23.479161,1788156967.597910,0.0,0.0,0.0,0.0,0.0,0.0
23.584325,1788156967.703073,0.0,0.0,0.0,0.0,0.0,0.0
23.686502,1788156967.805250,0.0,0.0,0.0,0.0,0.0,0.0
23.788667,1788156967.907416,0.0,0.0,0.0,0.0,0.0,0.0
23.891468,1788156968.010217,0.0,0.0,0.0,0.0,0.0,0.0
23.995294,1788156968.114043,0.0,0.0,0.0,0.0,0.0,0.0
24.098995,1788156968.217744,0.0,0.0,0.0,0.0,0.0,0.0
24.199586,1788156968.318335,0.0,0.0,0.0,0.0,0.0,0.0
24.308448,1788156968.427197,0.0,0.0,0.0,0.0,0.0,0.0
24.412206,1788156968.530955,0.0,0.0,0.0,0.0,0.0,0.0
24.516984,1788156968.635732,0.0,0.0,0.0,0.0,0.0,0.0
24.622186,1788156968.740935,0.0,0.0,0.0,0.0,0.0,0.0
24.726625,1788156968.845374,0.0,0.0,0.0,0.0,0.0,0.0
24.827332,1788156968.946081,0.0,0.0,0.0,0.0,0.0,0.0
24.930873,1788156969.049622,0.0,0.0,0.0,0.0,0.0,0.0
25.034153,1788156969.152902,0.0,0.0,0.0,0.0,0.0,0.0
25.138993,1788156969.257742,0.0,0.0,0.0,0.0,0.0,0.0
25.247500,1788156969.366249,0.0,0.0,0.0,0.0,0.0,0.0
25.347049,1788156969.465797,0.0,0.0,0.0,0.0,0.0,0.0
25.450027,1788156969.568775,0.0,0.0,0.0,0.0,0.0,0.0
25.554570,1788156969.673319,0.0,0.0,0.0,0.0,0.0,0.0
25.655302,1788156969.774050,0.0,0.0,0.0,0.0,0.0,0.0
25.760138,1788156969.878887,0.0,0.0,0.0,0.0,0.0,0.0
25.861287,1788156969.980036,0.0,0.0,0.0,0.0,0.0,0.0
25.964029,1788156970.082777,0.0,0.0,0.0,0.0,0.0,0.0
26.067017,1788156970.185766,0.0,0.0,0.0,0.0,0.0,0.0
26.168684,1788156970.287433,0.0,0.0,0.0,0.0,0.0,0.0
26.272847,1788156970.391595,0.0,0.0,0.0,0.0,0.0,0.0
26.373642,1788156970.492391,0.0,0.0,0.0,0.0,0.0,0.0
26.477872,1788156970.596621,0.0,0.0,0.0,0.0,0.0,0.0
26.578643,1788156970.697392,0.0,0.0,0.0,0.0,0.0,0.0
26.685966,1788156970.804715,0.0,0.0,0.0,0.0,0.0,0.0
26.785923,1788156970.904671,0.0,0.0,0.0,0.0,0.0,0.0
26.890139,1788156971.008888,0.0,0.0,0.0,0.0,0.0,0.0
26.990898,1788156971.109647,0.0,0.0,0.0,0.0,0.0,0.0
27.098279,1788156971.217028,0.0,0.0,0.0,0.0,0.0,0.0
27.198701,1788156971.317450,0.0,0.0,0.0,0.0,0.0,0.0
27.303161,1788156971.421910,0.0,0.0,0.0,0.0,0.0,0.0
27.408976,1788156971.527725,0.0,0.0,0.0,0.0,0.0,0.0
27.508871,1788156971.627619,0.0,0.0,0.0,0.0,0.0,0.0
27.612635,1788156971.731384,0.0,0.0,0.0,0.0,0.0,0.0
27.713367,1788156971.832116,0.0,0.0,0.0,0.0,0.0,0.0
27.817149,1788156971.935898,0.0,0.0,0.0,0.0,0.0,0.0
27.920908,1788156972.039657,0.0,0.0,0.0,0.0,0.0,0.0
28.025530,1788156972.144279,0.0,0.0,0.0,0.0,0.0,0.0
28.129328,1788156972.248076,0.0,0.0,0.0,0.0,0.0,0.0
28.239520,1788156972.358269,0.0,0.0,0.0,0.0,0.0,0.0
28.343731,1788156972.462480,0.0,0.0,0.0,0.0,0.0,0.0
28.445676,1788156972.564425,0.0,0.0,0.0,0.0,0.0,0.0
28.546648,1788156972.665397,0.0,0.0,0.0,0.0,0.0,0.0
28.652573,1788156972.771322,0.0,0.0,0.0,0.0,0.0,0.0
28.755466,1788156972.874214,0.0,0.0,0.0,0.0,0.0,0.0
28.858480,1788156972.977229,0.0,0.0,0.0,0.0,0.0,0.0
28.960397,1788156973.079146,0.0,0.0,0.0,0.0,0.0,0.0
29.063715,1788156973.182463,0.0,0.0,0.0,0.0,0.0,0.0
29.165041,1788156973.283790,0.0,0.0,0.0,0.0,0.0,0.0
29.268568,1788156973.387317,0.0,0.0,0.0,0.0,0.0,0.0
29.371559,1788156973.490308,0.0,0.0,0.0,0.0,0.0,0.0
29.475460,1788156973.594208,0.0,0.0,0.0,0.0,0.0,0.0
29.576036,1788156973.694785,0.0,0.0,0.0,0.0,0.0,0.0
29.679552,1788156973.798300,0.0,0.0,0.0,0.0,0.0,0.0
29.785277,1788156973.904026,0.0,0.0,0.0,0.0,0.0,0.0
29.890147,1788156974.008896,0.0,0.0,0.0,0.0,0.0,0.0
29.990525,1788156974.109274,0.0,0.0,0.0,0.0,0.0,0.0
30.094421,1788156974.213170,0.0,0.0,0.0,0.0,0.0,0.0
30.198368,1788156974.317117,0.0,0.0,0.0,0.0,0.0,0.0
30.306834,1788156974.425582,0.0,0.0,0.0,0.0,0.0,0.0
30.411089,1788156974.529837,0.0,0.0,0.0,0.0,0.0,0.0
30.514609,1788156974.633357,0.0,0.0,0.0,0.0,0.0,0.0
30.618556,1788156974.737305,0.0,0.0,0.0,0.0,0.0,0.0
30.721046,1788156974.839795,0.0,0.0,0.0,0.0,0.0,0.0
30.821867,1788156974.940616,0.0,0.0,0.0,0.0,0.0,0.0
30.927258,1788156975.046006,0.0,0.0,0.0,0.0,0.0,0.0
31.029845,1788156975.148594,0.0,0.0,0.0,0.0,0.0,0.0
31.131375,1788156975.250124,0.0,0.0,0.0,0.0,0.0,0.0
31.234477,1788156975.353225,0.0,0.0,0.0,0.0,0.0,0.0
31.336762,1788156975.455511,0.0,0.0,0.0,0.0,0.0,0.0
31.438987,1788156975.557736,0.0,0.0,0.0,0.0,0.0,0.0
31.540991,1788156975.659740,0.0,0.0,0.0,0.0,0.0,0.0
31.643151,1788156975.761900,0.0,0.0,0.0,0.0,0.0,0.0
31.745161,1788156975.863910,0.0,0.0,0.0,0.0,0.0,0.0
31.847921,1788156975.966670,0.0,0.0,0.0,0.0,0.0,0.0
31.952649,1788156976.071397,0.0,0.0,0.0,0.0,0.0,0.0
32.056317,1788156976.175066,0.0,0.0,0.0,0.0,0.0,0.0
32.159973,1788156976.278721,0.0,0.0,0.0,0.0,0.0,0.0
32.263499,1788156976.382247,0.0,0.0,0.0,0.0,0.0,0.0
32.366847,1788156976.485595,0.0,0.0,0.0,0.0,0.0,0.0
32.468623,1788156976.587372,0.0,0.0,0.0,0.0,0.0,0.0
32.573089,1788156976.691838,0.0,0.0,0.0,0.0,0.0,0.0
32.676468,1788156976.795216,0.0,0.0,0.0,0.0,0.0,0.0
32.779867,1788156976.898616,0.0,0.0,0.0,0.0,0.0,0.0
32.884535,1788156977.003284,0.0,0.0,0.0,0.0,0.0,0.0
32.984277,1788156977.103026,0.0,0.0,0.0,0.0,0.0,0.0
33.088295,1788156977.207044,0.0,0.0,0.0,0.0,0.0,0.0
33.189670,1788156977.308419,0.0,0.0,0.0,0.0,0.0,0.0
33.292050,1788156977.410799,0.0,0.0,0.0,0.0,0.0,0.0
33.396548,1788156977.515296,0.0,0.0,0.0,0.0,0.0,0.0
33.497592,1788156977.616341,0.0,0.0,0.0,0.0,0.0,0.0
33.601236,1788156977.719984,0.0,0.0,0.0,0.0,0.0,0.0
33.704124,1788156977.822873,0.0,0.0,0.0,0.0,0.0,0.0
33.806171,1788156977.924919,0.0,0.0,0.0,0.0,0.0,0.0
33.910267,1788156978.029016,0.0,0.0,0.0,0.0,0.0,0.0
34.011640,1788156978.130389,0.0,0.0,0.0,0.0,0.0,0.0
34.113929,1788156978.232677,0.0,0.0,0.0,0.0,0.0,0.0
34.216263,1788156978.335012,0.0,0.0,0.0,0.0,0.0,0.0
34.320689,1788156978.439438,0.0,0.0,0.0,0.0,0.0,0.0
34.427613,1788156978.546361,0.0,0.0,0.0,0.0,0.0,0.0
34.529213,1788156978.647962,0.0,0.0,0.0,0.0,0.0,0.0
34.630484,1788156978.749232,0.0,0.0,0.0,0.0,0.0,0.0
34.734360,1788156978.853109,0.0,0.0,0.0,0.0,0.0,0.0
34.836665,1788156978.955413,0.0,0.0,0.0,0.0,0.0,0.0
34.941173,1788156979.059922,0.0,0.0,0.0,0.0,0.0,0.0
35.041908,1788156979.160656,0.0,0.0,0.0,0.0,0.0,0.0
35.146095,1788156979.264843,0.0,0.0,0.0,0.0,0.0,0.0
35.246756,1788156979.365504,0.0,0.0,0.0,0.0,0.0,0.0
35.350209,1788156979.468958,0.0,0.0,0.0,0.0,0.0,0.0
35.453012,1788156979.571761,0.0,0.0,0.0,0.0,0.0,0.0
35.556206,1788156979.674954,0.0,0.0,0.0,0.0,0.0,0.0
35.657988,1788156979.776737,0.0,0.0,0.0,0.0,0.0,0.0
35.761409,1788156979.880158,0.0,0.0,0.0,0.0,0.0,0.0
35.865306,1788156979.984055,0.0,0.0,0.0,0.0,0.0,0.0
35.965569,1788156980.084318,0.0,0.0,0.0,0.0,0.0,0.0
36.069685,1788156980.188434,0.0,0.0,0.0,0.0,0.0,0.0
36.171093,1788156980.289842,0.0,0.0,0.0,0.0,0.0,0.0
36.275062,1788156980.393810,0.0,0.0,0.0,0.0,0.0,0.0
36.375698,1788156980.494447,0.0,0.0,0.0,0.0,0.0,0.0
36.479581,1788156980.598330,0.0,0.0,0.0,0.0,0.0,0.0
36.580289,1788156980.699038,0.0,0.0,0.0,0.0,0.0,0.0
36.682864,1788156980.801613,0.0,0.0,0.0,0.0,0.0,0.0
36.786086,1788156980.904835,0.0,0.0,0.0,0.0,0.0,0.0
36.888356,1788156981.007105,0.0,0.0,0.0,0.0,0.0,0.0
36.993531,1788156981.112279,0.0,0.0,0.0,0.0,0.0,0.0
37.094270,1788156981.213019,0.0,0.0,0.0,0.0,0.0,0.0
37.198877,1788156981.317626,0.0,0.0,0.0,0.0,0.0,0.0
37.299310,1788156981.418059,0.0,0.0,0.0,0.0,0.0,0.0
37.402802,1788156981.521550,0.0,0.0,0.0,0.0,0.0,0.0
37.506428,1788156981.625176,0.0,0.0,0.0,0.0,0.0,0.0
37.610979,1788156981.729728,0.0,0.0,0.0,0.0,0.0,0.0
37.719691,1788156981.838440,0.0,0.0,0.0,0.0,0.0,0.0
37.823580,1788156981.942328,0.0,0.0,0.0,0.0,0.0,0.0
37.924953,1788156982.043701,0.0,0.0,0.0,0.0,0.0,0.0
38.027099,1788156982.145847,0.0,0.0,0.0,0.0,0.0,0.0
38.130496,1788156982.249244,0.0,0.0,0.0,0.0,0.0,0.0
38.234553,1788156982.353302,0.0,0.0,0.0,0.0,0.0,0.0
38.338371,1788156982.457120,0.0,0.0,0.0,0.0,0.0,0.0
38.442004,1788156982.560753,0.0,0.0,0.0,0.0,0.0,0.0
38.543606,1788156982.662355,0.0,0.0,0.0,0.0,0.0,0.0
38.645586,1788156982.764335,0.0,0.0,0.0,0.0,0.0,0.0
38.747690,1788156982.866439,0.0,0.0,0.0,0.0,0.0,0.0
38.850287,1788156982.969036,0.0,0.0,0.0,0.0,0.0,0.0
38.952421,1788156983.071170,0.0,0.0,0.0,0.0,0.0,0.0
39.054897,1788156983.173646,0.0,0.0,0.0,0.0,0.0,0.0
39.157150,1788156983.275898,0.0,0.0,0.0,0.0,0.0,0.0
39.259337,1788156983.378086,0.0,0.0,0.0,0.0,0.0,0.0
39.363379,1788156983.482127,0.0,0.0,0.0,0.0,0.0,0.0
39.464642,1788156983.583390,0.0,0.0,0.0,0.0,0.0,0.0
39.567156,1788156983.685905,0.0,0.0,0.0,0.0,0.0,0.0
39.678237,1788156983.796986,0.0,0.0,0.0,0.0,0.0,0.0
39.783652,1788156983.902400,0.0,0.0,0.0,0.0,0.0,0.0
39.886786,1788156984.005534,0.0,0.0,0.0,0.0,0.0,0.0
39.987158,1788156984.105907,0.0,0.0,0.0,0.0,0.0,0.0
40.091149,1788156984.209897,0.0,0.0,0.0,0.0,0.0,0.0
40.192315,1788156984.311063,0.0,0.0,0.0,0.0,0.0,0.0
40.296862,1788156984.415611,0.0,0.0,0.0,0.0,0.0,0.0
40.397580,1788156984.516329,0.0,0.0,0.0,0.0,0.0,0.0
40.502892,1788156984.621641,0.0,0.0,0.0,0.0,0.0,0.0
40.605441,1788156984.724189,0.0,0.0,0.0,0.0,0.0,0.0
40.709238,1788156984.827986,0.0,0.0,0.0,0.0,0.0,0.0
40.813052,1788156984.931800,0.0,0.0,0.0,0.0,0.0,0.0
40.917006,1788156985.035755,0.0,0.0,0.0,0.0,0.0,0.0
41.023676,1788156985.142425,0.0,0.0,0.0,0.0,0.0,0.0
41.125462,1788156985.244210,0.0,0.0,0.0,0.0,0.0,0.0
41.227841,1788156985.346589,0.0,0.0,0.0,0.0,0.0,0.0
41.329746,1788156985.448495,0.0,0.0,0.0,0.0,0.0,0.0
41.436303,1788156985.555052,0.0,0.0,0.0,0.0,0.0,0.0
41.540634,1788156985.659383,0.0,0.0,0.0,0.0,0.0,0.0
41.644491,1788156985.763240,0.0,0.0,0.0,0.0,0.0,0.0
41.751678,1788156985.870427,0.0,0.0,0.0,0.0,0.0,0.0
41.854806,1788156985.973554,0.0,0.0,0.0,0.0,0.0,0.0
41.960669,1788156986.079418,0.0,0.0,0.0,0.0,0.0,0.0
42.066966,1788156986.185715,0.0,0.0,0.0,0.0,0.0,0.0
42.168819,1788156986.287567,0.0,0.0,0.0,0.0,0.0,0.0
42.273267,1788156986.392016,0.0,0.0,0.0,0.0,0.0,0.0
42.375435,1788156986.494184,0.0,0.0,0.0,0.0,0.0,0.0
42.476443,1788156986.595191,0.0,0.0,0.0,0.0,0.0,0.0
42.578598,1788156986.697347,0.0,0.0,0.0,0.0,0.0,0.0
42.680598,1788156986.799346,0.0,0.0,0.0,0.0,0.0,0.0
42.782634,1788156986.901382,0.0,0.0,0.0,0.0,0.0,0.0
42.885570,1788156987.004318,0.0,0.0,0.0,0.0,0.0,0.0
42.987733,1788156987.106482,0.0,0.0,0.0,0.0,0.0,0.0
43.090848,1788156987.209597,0.0,0.0,0.0,0.0,0.0,0.0
43.195234,1788156987.313982,0.0,0.0,0.0,0.0,0.0,0.0
43.298563,1788156987.417312,0.0,0.0,0.0,0.0,0.0,0.0
43.402289,1788156987.521037,0.0,0.0,0.0,0.0,0.0,0.0
43.505545,1788156987.624293,0.0,0.0,0.0,0.0,0.0,0.0
43.606433,1788156987.725182,0.0,0.0,0.0,0.0,0.0,0.0
43.711632,1788156987.830380,0.0,0.0,0.0,0.0,0.0,0.0
43.812358,1788156987.931106,0.0,0.0,0.0,0.0,0.0,0.0
43.917051,1788156988.035800,0.0,0.0,0.0,0.0,0.0,0.0
44.017766,1788156988.136515,0.0,0.0,0.0,0.0,0.0,0.0
44.122710,1788156988.241459,0.0,0.0,0.0,0.0,0.0,0.0
44.224271,1788156988.343019,0.0,0.0,0.0,0.0,0.0,0.0
44.325850,1788156988.444598,0.0,0.0,0.0,0.0,0.0,0.0
44.430335,1788156988.549084,0.0,0.0,0.0,0.0,0.0,0.0
44.531120,1788156988.649869,0.0,0.0,0.0,0.0,0.0,0.0
44.636735,1788156988.755484,0.0,0.0,0.0,0.0,0.0,0.0
44.737337,1788156988.856086,0.0,0.0,0.0,0.0,0.0,0.0
44.841513,1788156988.960262,0.0,0.0,0.0,0.0,0.0,0.0
44.945727,1788156989.064476,0.0,0.0,0.0,0.0,0.0,0.0
45.046501,1788156989.165250,0.0,0.0,0.0,0.0,0.0,0.0
45.150126,1788156989.268875,0.0,0.0,0.0,0.0,0.0,0.0
45.253830,1788156989.372579,0.0,0.0,0.0,0.0,0.0,0.0
45.357232,1788156989.475981,0.0,0.0,0.0,0.0,0.0,0.0
45.458837,1788156989.577585,0.0,0.0,0.0,0.0,0.0,0.0
45.563134,1788156989.681882,0.0,0.0,0.0,0.0,0.0,0.0
45.665872,1788156989.784621,0.0,0.0,0.0,0.0,0.0,0.0
45.768130,1788156989.886878,0.0,0.0,0.0,0.0,0.0,0.0
45.872465,1788156989.991214,0.0,0.0,0.0,0.0,0.0,0.0
45.973144,1788156990.091892,0.0,0.0,0.0,0.0,0.0,0.0
46.076352,1788156990.195101,0.0,0.0,0.0,0.0,0.0,0.0
46.178464,1788156990.297212,0.0,0.0,0.0,0.0,0.0,0.0
46.281253,1788156990.400002,0.0,0.0,0.0,0.0,0.0,0.0
46.387843,1788156990.506592,0.0,0.0,0.0,0.0,0.0,0.0
46.490521,1788156990.609270,0.0,0.0,0.0,0.0,0.0,0.0
46.593642,1788156990.712391,0.0,0.0,0.0,0.0,0.0,0.0
46.701206,1788156990.819955,0.0,0.0,0.0,0.0,0.0,0.0
46.805141,1788156990.923889,0.0,0.0,0.0,0.0,0.0,0.0
46.908837,1788156991.027585,0.0,0.0,0.0,0.0,0.0,0.0
47.011602,1788156991.130350,0.0,0.0,0.0,0.0,0.0,0.0
47.112273,1788156991.231021,0.0,0.0,0.0,0.0,0.0,0.0
47.215552,1788156991.334301,0.0,0.0,0.0,0.0,0.0,0.0
47.317640,1788156991.436389,0.0,0.0,0.0,0.0,0.0,0.0
47.419816,1788156991.538565,0.0,0.0,0.0,0.0,0.0,0.0
47.522098,1788156991.640846,0.0,0.0,0.0,0.0,0.0,0.0
47.627175,1788156991.745924,0.0,0.0,0.0,0.0,0.0,0.0
47.727671,1788156991.846420,0.0,0.0,0.0,0.0,0.0,0.0
47.829761,1788156991.948510,0.0,0.0,0.0,0.0,0.0,0.0
47.933545,1788156992.052294,0.0,0.0,0.0,0.0,0.0,0.0
48.037198,1788156992.155947,0.0,0.0,0.0,0.0,0.0,0.0
48.141287,1788156992.260036,0.0,0.0,0.0,0.0,0.0,0.0
48.245341,1788156992.364090,0.0,0.0,0.0,0.0,0.0,0.0
48.345700,1788156992.464449,0.0,0.0,0.0,0.0,0.0,0.0
48.449347,1788156992.568095,0.0,0.0,0.0,0.0,0.0,0.0
48.552495,1788156992.671243,0.0,0.0,0.0,0.0,0.0,0.0
48.654893,1788156992.773642,0.0,0.0,0.0,0.0,0.0,0.0
48.757569,1788156992.876317,0.0,0.0,0.0,0.0,0.0,0.0
48.860449,1788156992.979197,0.0,0.0,0.0,0.0,0.0,0.0
48.964375,1788156993.083124,0.0,0.0,0.0,0.0,0.0,0.0
49.065450,1788156993.184199,0.0,0.0,0.0,0.0,0.0,0.0
49.168195,1788156993.286943,0.0,0.0,0.0,0.0,0.0,0.0
49.271529,1788156993.390277,0.0,0.0,0.0,0.0,0.0,0.0
49.376269,1788156993.495018,0.0,0.0,0.0,0.0,0.0,0.0
49.475813,1788156993.594562,0.0,0.0,0.0,0.0,0.0,0.0
49.579330,1788156993.698079,0.0,0.0,0.0,0.0,0.0,0.0
49.682936,1788156993.801684,0.0,0.0,0.0,0.0,0.0,0.0
49.790829,1788156993.909578,0.0,0.0,0.0,0.0,0.0,0.0
49.894294,1788156994.013042,0.0,0.0,0.0,0.0,0.0,0.0
49.999162,1788156994.117911,0.0,0.0,0.0,0.0,0.0,0.0
50.102844,1788156994.221592,0.0,0.0,0.0,0.0,0.0,0.0
50.204524,1788156994.323272,0.0,0.0,0.0,0.0,0.0,0.0
50.306677,1788156994.425426,0.0,0.0,0.0,0.0,0.0,0.0
50.411016,1788156994.529765,0.0,0.0,0.0,0.0,0.0,0.0
50.514135,1788156994.632884,0.0,0.0,0.0,0.0,0.0,0.0
50.618533,1788156994.737282,0.0,0.0,0.0,0.0,0.0,0.0
50.720562,1788156994.839311,0.0,0.0,0.0,0.0,0.0,0.0
50.822487,1788156994.941235,0.0,0.0,0.0,0.0,0.0,0.0
50.925820,1788156995.044568,0.0,0.0,0.0,0.0,0.0,0.0
51.027961,1788156995.146710,0.0,0.0,0.0,0.0,0.0,0.0
51.130957,1788156995.249706,0.0,0.0,0.0,0.0,0.0,0.0
51.236253,1788156995.355001,0.0,0.0,0.0,0.0,0.0,0.0
51.337783,1788156995.456532,0.0,0.0,0.0,0.0,0.0,0.0
51.441951,1788156995.560699,0.0,0.0,0.0,0.0,0.0,0.0
51.542686,1788156995.661435,0.0,0.0,0.0,0.0,0.0,0.0
51.645956,1788156995.764705,0.0,0.0,0.0,0.0,0.0,0.0
51.748538,1788156995.867286,0.0,0.0,0.0,0.0,0.0,0.0
51.852154,1788156995.970902,0.0,0.0,0.0,0.0,0.0,0.0
51.955097,1788156996.073846,0.0,0.0,0.0,0.0,0.0,0.0
52.056643,1788156996.175391,0.0,0.0,0.0,0.0,0.0,0.0
52.158721,1788156996.277470,0.0,0.0,0.0,0.0,0.0,0.0
52.264427,1788156996.383175,0.0,0.0,0.0,0.0,0.0,0.0
52.365083,1788156996.483832,0.0,0.0,0.0,0.0,0.0,0.0
52.467263,1788156996.586012,0.0,0.0,0.0,0.0,0.0,0.0
52.569264,1788156996.688012,0.0,0.0,0.0,0.0,0.0,0.0
52.671402,1788156996.790150,0.0,0.0,0.0,0.0,0.0,0.0
52.773448,1788156996.892196,0.0,0.0,0.0,0.0,0.0,0.0
52.876137,1788156996.994886,0.0,0.0,0.0,0.0,0.0,0.0
52.980169,1788156997.098918,0.0,0.0,0.0,0.0,0.0,0.0
53.086759,1788156997.205508,0.0,0.0,0.0,0.0,0.0,0.0
53.189951,1788156997.308700,0.0,0.0,0.0,0.0,0.0,0.0
53.291092,1788156997.409840,0.0,0.0,0.0,0.0,0.0,0.0
53.395214,1788156997.513963,0.0,0.0,0.0,0.0,0.0,0.0
53.497616,1788156997.616365,0.0,0.0,0.0,0.0,0.0,0.0
53.599514,1788156997.718263,0.0,0.0,0.0,0.0,0.0,0.0
53.700214,1788156997.818962,0.0,0.0,0.0,0.0,0.0,0.0
53.804156,1788156997.922904,0.0,0.0,0.0,0.0,0.0,0.0
53.911166,1788156998.029915,0.0,0.0,0.0,0.0,0.0,0.0
54.019956,1788156998.138704,0.0,0.0,0.0,0.0,0.0,0.0
54.123339,1788156998.242088,0.0,0.0,0.0,0.0,0.0,0.0
54.236889,1788156998.355638,0.0,0.0,0.0,0.0,0.0,0.0
54.357454,1788156998.476203,0.0,0.0,0.0,0.0,0.0,0.0
54.461650,1788156998.580399,0.0,0.0,0.0,0.0,0.0,0.0
54.568877,1788156998.687626,0.0,0.0,0.0,0.0,0.0,0.0
54.671907,1788156998.790656,0.0,0.0,0.0,0.0,0.0,0.0
54.779263,1788156998.898012,0.0,0.0,0.0,0.0,0.0,0.0
54.890558,1788156999.009307,0.0,0.0,0.0,0.0,0.0,0.0
54.993395,1788156999.112144,0.0,0.0,0.0,0.0,0.0,0.0
55.099308,1788156999.218056,0.0,0.0,0.0,0.0,0.0,0.0
55.202355,1788156999.321104,0.0,0.0,0.0,0.0,0.0,0.0
55.305844,1788156999.424593,0.0,0.0,0.0,0.0,0.0,0.0
55.409354,1788156999.528103,0.0,0.0,0.0,0.0,0.0,0.0
55.513239,1788156999.631988,0.0,0.0,0.0,0.0,0.0,0.0
55.616925,1788156999.735673,0.0,0.0,0.0,0.0,0.0,0.0
55.720601,1788156999.839349,0.0,0.0,0.0,0.0,0.0,0.0
55.824801,1788156999.943550,0.0,0.0,0.0,0.0,0.0,0.0
55.928405,1788157000.047153,0.0,0.0,0.0,0.0,0.0,0.0
56.032682,1788157000.151431,0.0,0.0,0.0,0.0,0.0,0.0
56.133593,1788157000.252341,0.0,0.0,0.0,0.0,0.0,0.0
56.236543,1788157000.355291,0.0,0.0,0.0,0.0,0.0,0.0
56.341146,1788157000.459895,0.0,0.0,0.0,0.0,0.0,0.0
56.444185,1788157000.562934,0.0,0.0,0.0,0.0,0.0,0.0
56.546458,1788157000.665206,0.0,0.0,0.0,0.0,0.0,0.0
56.649216,1788157000.767965,0.0,0.0,0.0,0.0,0.0,0.0
56.752162,1788157000.870911,0.0,0.0,0.0,0.0,0.0,0.0
56.855762,1788157000.974511,0.0,0.0,0.0,0.0,0.0,0.0
56.958492,1788157001.077241,0.0,0.0,0.0,0.0,0.0,0.0
57.061988,1788157001.180737,0.0,0.0,0.0,0.0,0.0,0.0
57.165469,1788157001.284217,0.0,0.0,0.0,0.0,0.0,0.0
57.268786,1788157001.387535,0.0,0.0,0.0,0.0,0.0,0.0
57.373519,1788157001.492268,0.0,0.0,0.0,0.0,0.0,0.0
57.478473,1788157001.597222,0.0,0.0,0.0,0.0,0.0,0.0
57.588644,1788157001.707392,0.0,0.0,0.0,0.0,0.0,0.0
57.692428,1788157001.811176,0.0,0.0,0.0,0.1,0.0,0.0
58.000018,1788157002.118767,0.0,0.0,0.0,0.0,0.0,0.0
58.102580,1788157002.221329,0.0,0.0,0.0,0.0,0.0,0.0
58.206934,1788157002.325683,0.0,0.0,0.0,0.0,0.0,0.0
58.311169,1788157002.429917,0.0,0.0,0.0,0.0,0.0,0.0
58.413239,1788157002.531987,0.0,0.0,0.0,0.0,0.0,0.0
58.517877,1788157002.636626,0.0,0.0,0.0,0.0,0.0,0.0
58.618857,1788157002.737606,0.0,0.0,0.0,0.0,0.0,0.0
58.722466,1788157002.841215,0.0,0.0,0.0,0.0,0.0,0.0
58.826324,1788157002.945072,0.0,0.0,0.0,0.0,0.0,0.0
58.930114,1788157003.048862,0.0,0.0,0.0,0.0,0.0,0.0
59.032420,1788157003.151169,0.0,0.0,0.0,0.0,0.0,0.0
59.135696,1788157003.254445,0.0,0.0,0.0,0.0,0.0,0.0
59.237947,1788157003.356696,0.0,0.0,0.0,0.0,0.0,0.0
59.340253,1788157003.459002,0.0,0.0,0.0,0.0,0.0,0.0
59.442451,1788157003.561200,0.0,0.0,0.0,0.0,0.0,0.0
59.544677,1788157003.663425,0.0,0.0,0.0,0.0,0.0,0.0
59.646925,1788157003.765673,0.0,0.0,0.0,0.0,0.0,0.0
59.749197,1788157003.867946,0.0,0.0,0.0,0.0,0.0,0.0
59.851658,1788157003.970407,0.0,0.0,0.0,0.0,0.0,0.0
59.955136,1788157004.073884,0.0,0.0,0.0,0.0,0.0,0.0
60.059686,1788157004.178434,0.0,0.0,0.0,0.0,0.0,0.0
60.160046,1788157004.278795,0.0,0.0,0.0,0.0,0.0,0.0
60.263734,1788157004.382483,0.0,0.0,0.0,0.0,0.0,0.0
60.368437,1788157004.487186,0.0,0.0,0.0,0.0,0.0,0.0
60.469343,1788157004.588091,0.0,0.0,0.0,0.0,0.0,0.0
60.572656,1788157004.691404,0.0,0.0,0.0,0.0,0.0,0.0
60.676077,1788157004.794826,0.0,0.0,0.0,0.0,0.0,0.0
60.778355,1788157004.897104,0.0,0.0,0.0,0.0,0.0,0.0
60.883888,1788157005.002636,0.0,0.0,0.0,0.0,0.0,0.0
60.983969,1788157005.102718,0.0,0.0,0.0,0.0,0.0,0.0
61.087921,1788157005.206670,0.0,0.0,0.0,0.0,0.0,0.0
61.188704,1788157005.307453,0.0,0.0,0.0,0.0,0.0,0.0
61.292575,1788157005.411324,0.0,0.0,0.0,0.0,0.0,0.0
61.395816,1788157005.514565,0.0,0.0,0.0,0.0,0.0,0.0
61.499544,1788157005.618293,0.0,0.0,0.0,0.0,0.0,0.0
61.601869,1788157005.720618,0.0,0.0,0.0,0.0,0.0,0.0
61.704019,1788157005.822768,0.0,0.0,0.0,0.0,0.0,0.0
61.807280,1788157005.926028,0.0,0.0,0.0,0.0,0.0,0.0
61.911170,1788157006.029918,0.0,0.0,0.0,0.0,0.0,0.0
62.017145,1788157006.135893,0.0,0.0,0.0,0.0,0.0,0.0
62.118814,1788157006.237562,0.0,0.0,0.0,0.0,0.0,0.0
62.221910,1788157006.340659,0.0,0.0,0.0,0.0,0.0,0.0
62.327561,1788157006.446310,0.0,0.0,0.0,0.0,0.0,0.0
62.430507,1788157006.549256,0.0,0.0,0.0,0.0,0.0,0.0
62.534082,1788157006.652831,0.0,0.0,0.0,0.0,0.0,0.0
62.636315,1788157006.755064,0.0,0.0,0.0,0.0,0.0,0.0
62.739583,1788157006.858331,0.0,0.0,0.0,0.0,0.0,0.0
62.841883,1788157006.960632,0.0,0.0,0.0,0.0,0.0,0.0
62.946149,1788157007.064898,0.0,0.0,0.0,0.0,0.0,0.0
63.050446,1788157007.169195,0.0,0.0,0.0,0.0,0.0,0.0
63.153882,1788157007.272631,0.0,0.0,0.0,0.0,0.0,0.0
63.254688,1788157007.373436,0.0,0.0,0.0,0.0,0.0,0.0
63.357811,1788157007.476560,0.0,0.0,0.0,0.0,0.0,0.0
63.461048,1788157007.579797,0.0,0.0,0.0,0.0,0.0,0.0
63.567322,1788157007.686070,0.0,0.0,0.0,0.0,0.0,0.0
63.670026,1788157007.788774,0.0,0.0,0.0,0.0,0.0,0.0
63.773562,1788157007.892311,0.0,0.0,0.0,0.0,0.0,0.0
63.876808,1788157007.995557,0.0,0.0,0.0,0.0,0.0,0.0
63.980870,1788157008.099618,0.0,0.0,0.0,0.0,0.0,0.0
64.085877,1788157008.204626,0.0,0.0,0.0,0.0,0.0,0.0
64.186553,1788157008.305302,0.0,0.0,0.0,0.0,0.0,0.0
64.289833,1788157008.408581,0.0,0.0,0.0,0.0,0.0,0.0
64.391721,1788157008.510469,0.0,0.0,0.0,0.0,0.0,0.0
64.494579,1788157008.613328,0.0,0.0,0.0,0.0,0.0,0.0
64.596901,1788157008.715650,0.0,0.0,0.0,0.0,0.0,0.0
64.700355,1788157008.819104,0.0,0.0,0.0,0.0,0.0,0.0
64.804909,1788157008.923657,0.0,0.0,0.0,0.0,0.0,0.0
64.908010,1788157009.026758,0.0,0.0,0.0,0.0,0.0,0.0
65.010927,1788157009.129676,0.0,0.0,0.0,0.0,0.0,0.0
65.115783,1788157009.234532,0.0,0.0,0.0,0.0,0.0,0.0
65.219126,1788157009.337875,0.0,0.0,0.0,0.0,0.0,0.0
65.320905,1788157009.439654,0.0,0.0,0.0,0.0,0.0,0.0
65.424767,1788157009.543516,0.0,0.0,0.0,0.0,0.0,0.0
65.526501,1788157009.645249,0.0,0.0,0.0,0.0,0.0,0.0
65.628907,1788157009.747656,0.0,0.0,0.0,0.0,0.0,0.0
65.731273,1788157009.850021,0.0,0.0,0.0,0.0,0.0,0.0
65.835218,1788157009.953966,0.0,0.0,0.0,0.0,0.0,0.0
65.936689,1788157010.055438,0.0,0.0,0.0,0.0,0.0,0.0
66.041255,1788157010.160003,0.0,0.0,0.0,0.0,0.0,0.0
66.144859,1788157010.263608,0.0,0.0,0.0,0.0,0.0,0.0
66.248002,1788157010.366750,0.0,0.0,0.0,0.0,0.0,0.0
66.349704,1788157010.468452,0.0,0.0,0.0,0.0,0.0,0.0
66.452481,1788157010.571229,0.0,0.0,0.0,0.0,0.0,0.0
66.555181,1788157010.673930,0.0,0.0,0.0,0.0,0.0,0.0
66.658002,1788157010.776751,0.0,0.0,0.0,0.0,0.0,0.0
66.761273,1788157010.880022,0.0,0.0,0.0,0.0,0.0,0.0
66.863866,1788157010.982614,0.0,0.0,0.0,0.0,0.0,0.0
66.965626,1788157011.084375,0.0,0.0,0.0,0.0,0.0,0.0
67.067944,1788157011.186692,0.0,0.0,0.0,0.0,0.0,0.0
67.170283,1788157011.289031,0.0,0.0,0.0,0.0,0.0,0.0
67.272442,1788157011.391191,0.0,0.0,0.0,0.0,0.0,0.0
67.375120,1788157011.493868,0.0,0.0,0.0,0.0,0.0,0.0
67.476901,1788157011.595650,0.0,0.0,0.0,0.0,0.0,0.0
67.579009,1788157011.697757,0.0,0.0,0.0,0.0,0.0,0.0
67.681094,1788157011.799843,0.0,0.0,0.0,0.0,0.0,0.0
67.787234,1788157011.905983,0.0,0.0,0.0,0.0,0.0,0.0
67.892956,1788157012.011705,0.0,0.0,0.0,0.0,0.0,0.0
67.993520,1788157012.112268,0.0,0.0,0.0,0.0,0.0,0.0
68.095536,1788157012.214284,0.0,0.0,0.0,0.0,0.0,0.0
68.197651,1788157012.316400,0.0,0.0,0.0,0.0,0.0,0.0
68.300340,1788157012.419088,0.0,0.0,0.0,0.0,0.0,0.0
68.402494,1788157012.521242,0.0,0.0,0.0,0.0,0.0,0.0
68.504309,1788157012.623058,0.0,0.0,0.0,0.0,0.0,0.0
68.606495,1788157012.725244,0.0,0.0,0.0,0.0,0.0,0.0
68.709958,1788157012.828707,0.0,0.0,0.0,0.0,0.0,0.0
68.814358,1788157012.933107,0.0,0.0,0.0,0.0,0.0,0.0
68.920003,1788157013.038752,0.0,0.0,0.0,0.0,0.0,0.0
69.023597,1788157013.142346,0.0,0.0,0.0,0.0,0.0,0.0
69.132339,1788157013.251087,0.0,0.0,0.0,0.0,0.0,0.0
69.238617,1788157013.357366,0.0,0.0,0.0,0.0,0.0,0.0
69.343160,1788157013.461909,0.0,0.0,0.0,0.0,0.0,0.0
69.447845,1788157013.566594,0.0,0.0,0.0,0.0,0.0,0.0
69.553216,1788157013.671964,0.0,0.0,0.0,0.0,0.0,0.0
69.659889,1788157013.778638,0.0,0.0,0.0,0.0,0.0,0.0
69.770209,1788157013.888958,0.0,0.0,0.0,0.0,0.0,0.0
69.871989,1788157013.990737,0.0,0.0,0.0,0.0,0.0,0.0
69.978823,1788157014.097572,0.0,0.0,0.0,0.0,0.0,0.0
70.085763,1788157014.204512,0.0,0.0,0.0,0.0,0.0,0.0
70.189050,1788157014.307798,0.0,0.0,0.0,0.0,0.0,0.0
70.293774,1788157014.412523,0.0,0.0,0.0,0.0,0.0,0.0
70.399683,1788157014.518431,0.0,0.0,0.0,0.0,0.0,0.0
70.506816,1788157014.625565,0.0,0.0,0.0,0.0,0.0,0.0
70.611129,1788157014.729877,0.0,0.0,0.0,0.0,0.0,0.0
70.712778,1788157014.831527,0.0,0.0,0.0,0.0,0.0,0.0
70.814925,1788157014.933673,0.0,0.0,0.0,0.0,0.0,0.0
70.917006,1788157015.035755,0.0,0.0,0.0,0.0,0.0,0.0
71.020038,1788157015.138786,0.0,0.0,0.0,0.0,0.0,0.0
71.123371,1788157015.242120,0.0,0.0,0.0,0.0,0.0,0.0
71.227030,1788157015.345779,0.0,0.0,0.0,0.0,0.0,0.0
71.333976,1788157015.452725,0.0,0.0,0.0,0.0,0.0,0.0
71.441936,1788157015.560685,0.0,0.0,0.0,0.0,0.0,0.0
71.553723,1788157015.672471,0.0,0.0,0.0,0.0,0.0,0.0
71.653266,1788157015.772015,0.0,0.0,0.0,0.0,0.0,0.0
71.758140,1788157015.876889,0.0,0.0,0.0,0.0,0.0,0.0
71.861821,1788157015.980570,0.0,0.0,0.0,0.0,0.0,0.0
71.969762,1788157016.088511,0.0,0.0,0.0,0.0,0.0,0.0
72.071873,1788157016.190621,0.0,0.0,0.0,0.0,0.0,0.0
72.174486,1788157016.293235,0.0,0.0,0.0,0.0,0.0,0.0
72.278180,1788157016.396929,0.0,0.0,0.0,0.0,0.0,0.0
72.381311,1788157016.500060,0.0,0.0,0.0,0.0,0.0,0.0
72.483295,1788157016.602044,0.0,0.0,0.0,0.0,0.0,0.0
72.585241,1788157016.703990,0.0,0.0,0.0,0.0,0.0,0.0
72.688777,1788157016.807526,0.0,0.0,0.0,0.0,0.0,0.0
72.792405,1788157016.911154,0.0,0.0,0.0,0.0,0.0,0.0
72.896127,1788157017.014876,0.0,0.0,0.0,0.0,0.0,0.0
72.997049,1788157017.115798,0.0,0.0,0.0,0.0,0.0,0.0
73.100777,1788157017.219526,0.0,0.0,0.0,0.0,0.0,0.0
73.206604,1788157017.325352,0.0,0.0,0.0,0.0,0.0,0.0
73.308125,1788157017.426873,0.0,0.0,0.0,0.0,0.0,0.0
73.413247,1788157017.531995,0.0,0.0,0.0,0.0,0.0,0.0
73.517349,1788157017.636098,0.0,0.0,0.0,0.0,0.0,0.0
73.622108,1788157017.740856,0.0,0.0,0.0,0.0,0.0,0.0
73.728219,1788157017.846967,0.0,0.0,0.0,0.0,0.0,0.0
73.831427,1788157017.950176,0.0,0.0,0.0,0.0,0.0,0.0
73.936495,1788157018.055244,0.0,0.0,0.0,0.0,0.0,0.0
74.041192,1788157018.159941,0.0,0.0,0.0,0.0,0.0,0.0
74.145588,1788157018.264337,0.0,0.0,0.0,0.0,0.0,0.0
74.251509,1788157018.370257,0.0,0.0,0.0,0.0,0.0,0.0
74.355804,1788157018.474552,0.0,0.0,0.0,0.0,0.0,0.0
74.463194,1788157018.581943,0.0,0.0,0.0,0.0,0.0,0.0
74.568993,1788157018.687741,0.0,0.0,0.0,0.0,0.0,0.0
74.673130,1788157018.791878,0.0,0.0,0.0,0.0,0.0,0.0
74.777729,1788157018.896478,0.0,0.0,0.0,0.0,0.0,0.0
74.883649,1788157019.002398,0.0,0.0,0.0,0.0,0.0,0.0
74.986969,1788157019.105718,0.0,0.0,0.0,0.0,0.0,0.0
75.090322,1788157019.209071,0.0,0.0,0.0,0.0,0.0,0.0
75.194319,1788157019.313067,0.0,0.0,0.0,0.0,0.0,0.0
75.302401,1788157019.421149,0.0,0.0,0.0,0.0,0.0,0.0
75.403214,1788157019.521963,0.0,0.0,0.0,0.0,0.0,0.0
75.515665,1788157019.634414,0.0,0.0,0.0,0.0,0.0,0.0
75.616612,1788157019.735361,0.0,0.0,0.0,0.0,0.0,0.0
75.720434,1788157019.839183,0.0,0.0,0.0,0.0,0.0,0.0
75.823823,1788157019.942571,0.0,0.0,0.0,0.0,0.0,0.0
75.927336,1788157020.046085,0.0,0.0,0.0,0.0,0.0,0.0
76.030757,1788157020.149506,0.0,0.0,0.0,0.0,0.0,0.0
76.135016,1788157020.253764,0.0,0.0,0.0,0.0,0.0,0.0
76.238595,1788157020.357344,0.0,0.0,0.0,0.0,0.0,0.0
76.342798,1788157020.461547,0.0,0.0,0.0,0.0,0.0,0.0
76.446836,1788157020.565584,0.0,0.0,0.0,0.0,0.0,0.0
76.561417,1788157020.680166,0.0,0.0,0.0,0.0,0.0,0.0
76.667743,1788157020.786492,0.0,0.0,0.0,nan,0.0,0.0
76.773083,1788157020.891832,0.0,0.0,0.0,0.1,0.0,0.0
76.878479,1788157020.997227,0.0,0.0,0.0,0.1,0.0,0.0
76.982966,1788157021.101715,0.0,0.0,0.0,0.1,0.0,0.0
77.084717,1788157021.203465,0.0,0.0,0.0,0.1,0.0,0.0
77.189462,1788157021.308210,0.0,0.0,0.0,0.1,0.0,0.0
77.297658,1788157021.416407,0.0,0.0,0.0,0.1,0.0,0.0
77.402481,1788157021.521230,0.0,0.0,0.0,0.1,0.0,0.0
77.507143,1788157021.625892,0.0,0.0,0.0,0.1,0.0,0.0
77.610853,1788157021.729602,0.0,0.0,0.0,0.1,0.0,0.0
77.714572,1788157021.833321,0.0,0.0,0.0,0.1,0.0,0.0
77.818253,1788157021.937002,0.0,0.0,0.0,0.1,0.0,0.0
77.921670,1788157022.040418,0.0,0.0,0.0,0.1,0.0,0.0
78.026225,1788157022.144974,0.0,0.0,0.0,0.1,0.0,0.0
78.137907,1788157022.256655,0.0,0.0,0.0,0.1,0.0,0.0
78.240863,1788157022.359612,0.0,0.0,0.0,0.1,0.0,0.0
78.343760,1788157022.462508,0.0,0.0,0.0,0.1,0.0,0.0
78.651092,1788157022.769841,0.0,0.0,0.0,0.0,0.0,0.0
78.754774,1788157022.873523,0.0,0.0,0.0,0.0,0.0,0.0
78.858398,1788157022.977146,0.0,0.0,0.0,0.0,0.0,0.0
78.961101,1788157023.079849,0.0,0.0,0.0,0.0,0.0,0.0
79.064650,1788157023.183398,0.0,0.0,0.0,0.0,0.0,0.0
79.168341,1788157023.287090,0.0,0.0,0.0,0.0,0.0,0.0
79.272092,1788157023.390841,0.0,0.0,0.0,0.0,0.0,0.0
79.379706,1788157023.498455,0.0,0.0,0.0,0.0,0.0,0.0
79.484168,1788157023.602916,0.0,0.0,0.0,0.0,0.0,0.0
79.588701,1788157023.707450,0.0,0.0,0.0,0.0,0.0,0.0
79.689422,1788157023.808171,0.0,0.0,0.0,0.0,0.0,0.0
79.793506,1788157023.912255,0.0,0.0,0.0,0.0,0.0,0.0
79.894219,1788157024.012967,0.0,0.0,0.0,0.0,0.0,0.0
79.996923,1788157024.115671,0.0,0.0,0.0,0.0,0.0,0.0
80.100210,1788157024.218959,0.0,0.0,0.0,0.0,0.0,0.0
80.205467,1788157024.324215,0.0,0.0,0.0,0.0,0.0,0.0
80.308971,1788157024.427719,0.0,0.0,0.0,0.0,0.0,0.0
80.411233,1788157024.529982,0.0,0.0,0.0,0.0,0.0,0.0
80.514515,1788157024.633263,0.0,0.0,0.0,0.0,0.0,0.0
80.620485,1788157024.739234,0.0,0.0,0.0,0.0,0.0,0.0
80.722119,1788157024.840867,0.0,0.0,0.0,0.0,0.0,0.0
80.826411,1788157024.945159,0.0,0.0,0.0,0.0,0.0,0.0
80.927212,1788157025.045961,0.0,0.0,0.0,0.0,0.0,0.0
81.032542,1788157025.151290,0.0,0.0,0.0,0.0,0.0,0.0
81.138349,1788157025.257097,0.0,0.0,0.0,0.0,0.0,0.0
81.241381,1788157025.360129,0.0,0.0,0.0,0.0,0.0,0.0
81.344374,1788157025.463123,0.0,0.0,0.0,0.0,0.0,0.0
81.446513,1788157025.565262,0.0,0.0,0.0,0.0,0.0,0.0
81.548719,1788157025.667468,0.0,0.0,0.0,0.0,0.0,0.0
81.652261,1788157025.771010,0.0,0.0,0.0,0.0,0.0,0.0
81.757095,1788157025.875844,0.0,0.0,0.0,0.0,0.0,0.0
81.857785,1788157025.976533,0.0,0.0,0.0,0.0,0.0,0.0
81.960540,1788157026.079289,0.0,0.0,0.0,0.0,0.0,0.0
82.062695,1788157026.181444,0.0,0.0,0.0,0.0,0.0,0.0
82.165673,1788157026.284422,0.0,0.0,0.0,0.0,0.0,0.0
82.269401,1788157026.388149,0.0,0.0,0.0,0.0,0.0,0.0
82.375278,1788157026.494027,0.0,0.0,0.0,0.0,0.0,0.0
82.474946,1788157026.593695,0.0,0.0,0.0,0.0,0.0,0.0
82.577137,1788157026.695886,0.0,0.0,0.0,0.0,0.0,0.0
82.679387,1788157026.798136,0.0,0.0,0.0,0.0,0.0,0.0
82.784311,1788157026.903060,0.0,0.0,0.0,0.0,0.0,0.0
82.886323,1788157027.005072,0.0,0.0,0.0,0.0,0.0,0.0
82.991790,1788157027.110538,0.0,0.0,0.0,0.0,0.0,0.0
83.093173,1788157027.211921,0.0,0.0,0.0,0.0,0.0,0.0
83.194008,1788157027.312756,0.0,0.0,0.0,0.0,0.0,0.0
83.297187,1788157027.415935,0.0,0.0,0.0,0.0,0.0,0.0
83.402606,1788157027.521355,0.0,0.0,0.0,0.0,0.0,0.0
83.502155,1788157027.620904,0.0,0.0,0.0,0.0,0.0,0.0
83.606795,1788157027.725543,0.0,0.0,0.0,0.0,0.0,0.0
83.707632,1788157027.826380,0.0,0.0,0.0,0.0,0.0,0.0
83.814708,1788157027.933456,0.0,0.0,0.0,0.0,0.0,0.0
83.918610,1788157028.037359,0.0,0.0,0.0,0.0,0.0,0.0
84.024342,1788157028.143090,0.0,0.0,0.0,0.0,0.0,0.0
84.126982,1788157028.245730,0.0,0.0,0.0,0.0,0.0,0.0
84.229204,1788157028.347953,0.0,0.0,0.0,0.0,0.0,0.0
84.332450,1788157028.451199,0.0,0.0,0.0,0.0,0.0,0.0
84.435773,1788157028.554522,0.0,0.0,0.0,0.0,0.0,0.0
84.538572,1788157028.657321,0.0,0.0,0.0,0.0,0.0,0.0
84.641827,1788157028.760576,0.0,0.0,0.0,0.0,0.0,0.0
84.747469,1788157028.866217,0.0,0.0,0.0,0.0,0.0,0.0
84.850950,1788157028.969699,0.0,0.0,0.0,0.0,0.0,0.0
84.955282,1788157029.074030,0.0,0.0,0.0,0.0,0.0,0.0
85.057911,1788157029.176659,0.0,0.0,0.0,0.0,0.0,0.0
85.161674,1788157029.280423,0.0,0.0,0.0,0.0,0.0,0.0
85.262849,1788157029.381598,0.0,0.0,0.0,0.0,0.0,0.0
85.367111,1788157029.485860,0.0,0.0,0.0,0.0,0.0,0.0
85.470863,1788157029.589611,0.0,0.0,0.0,0.0,0.0,0.0
85.572221,1788157029.690969,0.0,0.0,0.0,0.0,0.0,0.0
85.677434,1788157029.796183,0.0,0.0,0.0,0.0,0.0,0.0
85.777698,1788157029.896446,0.0,0.0,0.0,0.0,0.0,0.0
85.884469,1788157030.003217,0.0,0.0,0.0,0.0,0.0,0.0
85.986162,1788157030.104911,0.0,0.0,0.0,0.0,0.0,0.0
86.091070,1788157030.209819,0.0,0.0,0.0,0.0,0.0,0.0
86.192867,1788157030.311616,0.0,0.0,0.0,0.0,0.0,0.0
86.301452,1788157030.420200,0.0,0.0,0.0,0.0,0.0,0.0
86.403768,1788157030.522516,0.0,0.0,0.0,0.0,0.0,0.0
86.509661,1788157030.628409,0.0,0.0,0.0,0.0,0.0,0.0
86.612629,1788157030.731378,0.0,0.0,0.0,0.0,0.0,0.0
86.715389,1788157030.834138,0.0,0.0,0.0,0.0,0.0,0.0
86.820125,1788157030.938874,0.0,0.0,0.0,0.0,0.0,0.0
86.920923,1788157031.039672,0.0,0.0,0.0,0.0,0.0,0.0
87.025582,1788157031.144331,0.0,0.0,0.0,0.0,0.0,0.0
87.130202,1788157031.248950,0.0,0.0,0.0,0.0,0.0,0.0
87.233670,1788157031.352419,0.0,0.0,0.0,0.0,0.0,0.0
87.339089,1788157031.457837,0.0,0.0,0.0,0.0,0.0,0.0
87.443271,1788157031.562020,0.0,0.0,0.0,0.0,0.0,0.0
87.547696,1788157031.666444,0.0,0.0,0.0,0.0,0.0,0.0
87.653250,1788157031.771999,0.0,0.0,0.0,0.0,0.0,0.0
87.756293,1788157031.875041,0.0,0.0,0.0,0.0,0.0,0.0
87.858648,1788157031.977397,0.0,0.0,0.0,0.0,0.0,0.0
87.960998,1788157032.079747,0.0,0.0,0.0,0.0,0.0,0.0
88.067307,1788157032.186056,0.0,0.0,0.0,0.0,0.0,0.0
88.168024,1788157032.286773,0.0,0.0,0.0,0.0,0.0,0.0
88.272046,1788157032.390795,0.0,0.0,0.0,0.0,0.0,0.0
88.372794,1788157032.491543,0.0,0.0,0.0,0.0,0.0,0.0
88.476361,1788157032.595110,0.0,0.0,0.0,0.0,0.0,0.0
88.579879,1788157032.698627,0.0,0.0,0.0,0.0,0.0,0.0
88.683932,1788157032.802680,0.0,0.0,0.0,0.0,0.0,0.0
88.791001,1788157032.909750,0.0,0.0,0.0,0.0,0.0,0.0
88.893845,1788157033.012594,0.0,0.0,0.0,0.0,0.0,0.0
88.998221,1788157033.116970,0.0,0.0,0.0,0.0,0.0,0.0
89.103019,1788157033.221768,0.0,0.0,0.0,0.0,0.0,0.0
89.207710,1788157033.326458,0.0,0.0,0.0,0.0,0.0,0.0
89.308350,1788157033.427098,0.0,0.0,0.0,0.0,0.0,0.0
89.412859,1788157033.531608,0.0,0.0,0.0,0.0,0.0,0.0
89.518131,1788157033.636879,0.0,0.0,0.0,0.0,0.0,0.0
89.628205,1788157033.746953,0.0,0.0,0.0,0.0,0.0,0.0
89.735119,1788157033.853867,0.0,0.0,0.0,0.0,0.0,0.0
89.843071,1788157033.961820,0.0,0.0,0.0,0.0,0.0,0.0
89.947493,1788157034.066242,0.0,0.0,0.0,0.0,0.0,0.0
90.051497,1788157034.170245,0.0,0.0,0.0,0.0,0.0,0.0
90.155268,1788157034.274017,0.0,0.0,0.0,0.0,0.0,0.0
90.259458,1788157034.378207,0.0,0.0,0.0,0.0,0.0,0.0
90.366241,1788157034.484990,0.0,0.0,0.0,0.0,0.0,0.0
90.467979,1788157034.586728,0.0,0.0,0.0,0.0,0.0,0.0
90.571503,1788157034.690252,0.0,0.0,0.0,0.0,0.0,0.0
90.673640,1788157034.792388,0.0,0.0,0.0,0.0,0.0,0.0
90.779307,1788157034.898056,0.0,0.0,0.0,0.0,0.0,0.0
90.882219,1788157035.000968,0.0,0.0,0.0,0.0,0.0,0.0
90.986969,1788157035.105717,0.0,0.0,0.0,0.0,0.0,0.0
91.091359,1788157035.210108,0.0,0.0,0.0,0.0,0.0,0.0
91.196040,1788157035.314789,0.0,0.0,0.0,0.0,0.0,0.0
91.303144,1788157035.421892,0.0,0.0,0.0,0.0,0.0,0.0
91.409086,1788157035.527834,0.0,0.0,0.0,0.0,0.0,0.0
91.515956,1788157035.634705,0.0,0.0,0.0,0.0,0.0,0.0
91.620519,1788157035.739268,0.0,0.0,0.0,0.0,0.0,0.0
91.726558,1788157035.845307,0.0,0.0,0.0,0.0,0.0,0.0
91.828019,1788157035.946768,0.0,0.0,0.0,0.0,0.0,0.0
91.931651,1788157036.050400,0.0,0.0,0.0,0.0,0.0,0.0
92.038105,1788157036.156854,0.0,0.0,0.0,0.0,0.0,0.0
92.141259,1788157036.260008,0.0,0.0,0.0,0.0,0.0,0.0
92.248680,1788157036.367429,0.0,0.0,0.0,0.0,0.0,0.0
92.351803,1788157036.470552,0.0,0.0,0.0,0.0,0.0,0.0
92.457536,1788157036.576285,0.0,0.0,0.0,0.0,0.0,0.0
92.562097,1788157036.680846,0.0,0.0,0.0,0.0,0.0,0.0
92.666768,1788157036.785516,0.0,0.0,0.0,0.0,0.0,0.0
92.771213,1788157036.889961,0.0,0.0,0.0,0.0,0.0,0.0
92.878341,1788157036.997090,0.0,0.0,0.0,0.0,0.0,0.0
92.978788,1788157037.097537,0.0,0.0,0.0,0.0,0.0,0.0
93.085562,1788157037.204311,0.0,0.0,0.0,0.0,0.0,0.0
93.189257,1788157037.308006,0.0,0.0,0.0,0.0,0.0,0.0
93.291947,1788157037.410696,0.0,0.0,0.0,0.0,0.0,0.0
93.393807,1788157037.512556,0.0,0.0,0.0,0.0,0.0,0.0
93.499333,1788157037.618082,0.0,0.0,0.0,0.0,0.0,0.0
93.604310,1788157037.723058,0.0,0.0,0.0,0.0,0.0,0.0
93.707139,1788157037.825888,0.0,0.0,0.0,0.0,0.0,0.0
93.813106,1788157037.931854,0.0,0.0,0.0,0.0,0.0,0.0
93.917768,1788157038.036517,0.0,0.0,0.0,0.0,0.0,0.0
94.025612,1788157038.144361,0.0,0.0,0.0,0.0,0.0,0.0
94.131759,1788157038.250508,0.0,0.0,0.0,0.0,0.0,0.0
94.237296,1788157038.356045,0.0,0.0,0.0,0.0,0.0,0.0
94.343670,1788157038.462419,0.0,0.0,0.0,0.0,0.0,0.0
94.448756,1788157038.567505,0.0,0.0,0.0,0.0,0.0,0.0
94.548946,1788157038.667694,0.0,0.0,0.0,0.0,0.0,0.0
94.656984,1788157038.775733,0.0,0.0,0.0,0.0,0.0,0.0
94.763096,1788157038.881844,0.0,0.0,0.0,0.0,0.0,0.0
94.866126,1788157038.984874,0.0,0.0,0.0,0.0,0.0,0.0
94.972198,1788157039.090947,0.0,0.0,0.0,0.0,0.0,0.0
95.079117,1788157039.197866,0.0,0.0,0.0,0.0,0.0,0.0
95.179033,1788157039.297781,0.0,0.0,0.0,0.0,0.0,0.0
95.282102,1788157039.400851,0.0,0.0,0.0,0.0,0.0,0.0
95.389546,1788157039.508295,0.0,0.0,0.0,0.0,0.0,0.0
95.494561,1788157039.613310,0.0,0.0,0.0,0.0,0.0,0.0
95.597744,1788157039.716493,0.0,0.0,0.0,0.0,0.0,0.0
95.705098,1788157039.823846,0.0,0.0,0.0,0.0,0.0,0.0
95.812489,1788157039.931238,0.0,0.0,0.0,0.0,0.0,0.0
95.915478,1788157040.034227,0.0,0.0,0.0,0.0,0.0,0.0
96.019177,1788157040.137925,0.0,0.0,0.0,0.0,0.0,0.0
96.122138,1788157040.240886,0.0,0.0,0.0,0.0,0.0,0.0
96.224622,1788157040.343371,0.0,0.0,0.0,0.0,0.0,0.0
96.327839,1788157040.446588,0.0,0.0,0.0,0.0,0.0,0.0
96.431075,1788157040.549824,0.0,0.0,0.0,0.0,0.0,0.0
96.535484,1788157040.654233,0.0,0.0,0.0,0.0,0.0,0.0
96.639306,1788157040.758055,0.0,0.0,0.0,0.0,0.0,0.0
96.741696,1788157040.860445,0.0,0.0,0.0,0.0,0.0,0.0
96.845349,1788157040.964098,0.0,0.0,0.0,0.0,0.0,0.0
96.950413,1788157041.069161,0.0,0.0,0.0,0.0,0.0,0.0
97.055396,1788157041.174145,0.0,0.0,0.0,0.0,0.0,0.0
97.158915,1788157041.277663,0.0,0.0,0.0,0.0,0.0,0.0
97.260691,1788157041.379440,0.0,0.0,0.0,0.0,0.0,0.0
97.364149,1788157041.482898,0.0,0.0,0.0,0.0,0.0,0.0
97.467716,1788157041.586464,0.0,0.0,0.0,0.0,0.0,0.0
97.569925,1788157041.688674,0.0,0.0,0.0,0.0,0.0,0.0
97.671874,1788157041.790623,0.0,0.0,0.0,0.0,0.0,0.0
97.776749,1788157041.895498,0.0,0.0,0.0,0.0,0.0,0.0
97.880289,1788157041.999038,0.0,0.0,0.0,0.0,0.0,0.0
97.984945,1788157042.103693,0.0,0.0,0.0,0.0,0.0,0.0
98.088675,1788157042.207423,0.0,0.0,0.0,0.0,0.0,0.0
98.189314,1788157042.308063,0.0,0.0,0.0,0.0,0.0,0.0
98.296790,1788157042.415539,0.0,0.0,0.0,0.0,0.0,0.0
98.396117,1788157042.514866,0.0,0.0,0.0,0.0,0.0,0.0
98.501225,1788157042.619974,0.0,0.0,0.0,0.0,0.0,0.0
98.605127,1788157042.723876,0.0,0.0,0.0,0.0,0.0,0.0
98.705902,1788157042.824650,0.0,0.0,0.0,0.0,0.0,0.0
98.811027,1788157042.929776,0.0,0.0,0.0,0.0,0.0,0.0
98.911728,1788157043.030477,0.0,0.0,0.0,0.0,0.0,0.0
99.016382,1788157043.135131,0.0,0.0,0.0,0.0,0.0,0.0
99.117126,1788157043.235875,0.0,0.0,0.0,0.0,0.0,0.0
99.223010,1788157043.341758,0.0,0.0,0.0,0.0,0.0,0.0
99.327199,1788157043.445947,0.0,0.0,0.0,0.0,0.0,0.0
99.428026,1788157043.546774,0.0,0.0,0.0,0.0,0.0,0.0
99.531237,1788157043.649985,0.0,0.0,0.0,0.0,0.0,0.0
99.634711,1788157043.753460,0.0,0.0,0.0,0.0,0.0,0.0
99.736341,1788157043.855090,0.0,0.0,0.0,0.0,0.0,0.0
99.839877,1788157043.958626,0.0,0.0,0.0,0.0,0.0,0.0
99.943545,1788157044.062294,0.0,0.0,0.0,0.0,0.0,0.0
