_elapsed,_wall,contact_count,elapsed_s,state
0.182097,1788156944.300846,0,33.230455329990946,IDLE
0.284750,1788156944.403498,0,33.33274429399171,IDLE
0.389530,1788156944.508279,0,33.43810570400092,IDLE
0.491760,1788156944.610509,0,33.54009786900133,IDLE
0.594769,1788156944.713518,0,33.64337822899688,IDLE
0.698409,1788156944.817158,0,33.74670236599923,IDLE
0.802316,1788156944.921065,0,33.85087789798854,IDLE
0.905933,1788156945.024682,0,33.95441103698977,IDLE
1.008812,1788156945.127561,0,34.05741376399237,IDLE
1.112358,1788156945.231107,0,34.16080605000025,IDLE
1.215335,1788156945.334084,0,34.2639333709958,IDLE
1.318418,1788156945.437166,0,34.36590779598919,IDLE
1.422508,1788156945.541256,0,34.47061601700261,IDLE
1.527279,1788156945.646028,0,34.573903690994484,IDLE
1.629746,1788156945.748495,0,34.67822687199805,IDLE
1.733943,1788156945.852692,0,34.78188223399047,IDLE
1.836607,1788156945.955355,0,34.88517444499303,IDLE
1.940488,1788156946.059236,0,34.9887242870027,IDLE
2.043552,1788156946.162301,0,35.090803156999755,IDLE
2.144797,1788156946.263546,0,35.19345112299197,IDLE
2.247444,1788156946.366192,0,35.29606210699421,IDLE
2.350140,1788156946.468888,0,35.398781924988725,IDLE
2.452179,1788156946.570928,0,35.50081681300071,IDLE
2.554194,1788156946.672942,0,35.60284453399072,IDLE
2.658012,1788156946.776760,0,35.70654302499315,IDLE
2.760954,1788156946.879703,0,35.80862791299296,IDLE
2.862646,1788156946.981395,0,35.91087619098835,IDLE
2.964400,1788156947.083149,0,36.01299289400049,IDLE
3.067464,1788156947.186213,0,36.11540800699731,IDLE
3.169611,1788156947.288359,0,36.21759009899688,IDLE
3.274606,1788156947.393354,0,36.3200380269991,IDLE
3.374046,1788156947.492795,0,36.42219467399991,IDLE
3.479354,1788156947.598102,0,36.52793323599326,IDLE
3.581559,1788156947.700307,0,36.629942918996676,IDLE
3.684405,1788156947.803154,0,36.73209201199643,IDLE
3.785713,1788156947.904462,0,36.83409476900124,IDLE
3.889632,1788156948.008380,0,36.93816459699883,IDLE
3.992093,1788156948.110842,0,37.0402437629964,IDLE
4.094635,1788156948.213383,0,37.14307895199454,IDLE
4.196905,1788156948.315654,0,37.24515248800162,IDLE
4.299867,1788156948.418615,0,37.34800823299156,IDLE
4.402488,1788156948.521237,0,37.45089047899819,IDLE
4.504754,1788156948.623502,0,37.55289134698978,IDLE
4.606623,1788156948.725372,0,37.654994179989444,IDLE
4.709106,1788156948.827855,0,37.75735232899024,IDLE
4.811820,1788156948.930569,0,37.86040729799424,IDLE
4.917316,1788156949.036065,0,37.965486316999886,IDLE
5.023375,1788156949.142124,0,38.067574501998024,IDLE
5.125342,1788156949.244091,0,38.17366721399594,IDLE
5.228002,1788156949.346751,0,38.276599106990034,IDLE
5.330969,1788156949.449718,0,38.3795581489976,IDLE
5.435599,1788156949.554348,0,38.48319456700119,IDLE
5.539224,1788156949.657972,0,38.587776546002715,IDLE
5.643955,1788156949.762703,0,38.69254015600018,IDLE
5.748616,1788156949.867365,0,38.79633522199583,IDLE
5.850812,1788156949.969561,0,38.89900929998839,IDLE
5.953953,1788156950.072702,0,39.00250515999505,IDLE
6.056196,1788156950.174945,0,39.104509547993075,IDLE
6.159002,1788156950.277750,0,39.206608084001346,IDLE
6.262061,1788156950.380810,0,39.3100452219951,IDLE
6.365904,1788156950.484652,0,39.414343161988654,IDLE
6.469723,1788156950.588471,0,39.518220357989776,IDLE
6.572734,1788156950.691483,0,39.621353419992374,IDLE
6.675994,1788156950.794743,0,39.72459505699226,IDLE
6.779277,1788156950.898026,0,39.82669670399628,IDLE
6.880940,1788156950.999689,0,39.92949759699695,IDLE
6.984549,1788156951.103297,0,40.03240182399168,IDLE
7.087737,1788156951.206486,0,40.13635233599052,IDLE
7.191676,1788156951.310425,0,40.239670768991346,IDLE
7.295019,1788156951.413768,0,40.34300938800152,IDLE
7.398039,1788156951.516788,0,40.44626789499307,IDLE
7.500901,1788156951.619650,0,40.54851152499032,IDLE
7.602976,1788156951.721725,0,40.65063098700193,IDLE
7.705673,1788156951.824422,0,40.75342839899531,IDLE
7.809309,1788156951.928058,0,40.85790645099769,IDLE
7.912300,1788156952.031049,0,40.96063265799603,IDLE
8.014090,1788156952.132839,0,41.0626601010008,IDLE
8.119891,1788156952.238639,0,41.167648175993236,IDLE
8.224265,1788156952.343014,0,41.27282230700075,IDLE
8.329397,1788156952.448145,0,41.377954993993626,IDLE
8.435152,1788156952.553901,0,41.4835405539925,IDLE
8.538595,1788156952.657343,0,41.587190859994735,IDLE
8.642559,1788156952.761307,0,41.69112931599375,IDLE
8.749440,1788156952.868189,0,41.79743486299412,IDLE
8.852922,1788156952.971671,0,41.90123550299904,IDLE
8.956573,1788156953.075321,0,42.00513942199177,IDLE
9.059674,1788156953.178422,0,42.10725377299241,IDLE
9.161104,1788156953.279853,0,42.20935793899116,IDLE
9.263277,1788156953.382026,0,42.311542234994704,IDLE
9.365375,1788156953.484124,0,42.41355534498871,IDLE
9.468480,1788156953.587228,0,42.517048964989954,IDLE
9.571071,1788156953.689820,0,42.61911483400036,IDLE
9.673132,1788156953.791881,0,42.72125892600161,IDLE
9.775749,1788156953.894498,0,42.823798223995254,IDLE
9.877270,1788156953.996018,0,42.92587313099648,IDLE
9.979688,1788156954.098436,0,43.0280361490004,IDLE
10.082406,1788156954.201154,0,43.13097120900056,IDLE
10.186072,1788156954.304820,0,43.233093985996675,IDLE
10.286634,1788156954.405382,0,43.33524520799983,IDLE
10.389246,1788156954.507994,0,43.43732663299306,IDLE
10.490984,1788156954.609733,0,43.53958452199004,IDLE
10.594747,1788156954.713495,0,43.64314173499588,IDLE
10.697084,1788156954.815833,0,43.74522814099328,IDLE
10.801009,1788156954.919758,0,43.84850464799092,IDLE
10.902961,1788156955.021710,0,43.951510986997164,IDLE
11.005343,1788156955.124092,0,44.05368341199937,IDLE
11.108401,1788156955.227149,0,44.156472415997996,IDLE
11.212936,1788156955.331684,0,44.26153926899133,IDLE
11.316834,1788156955.435583,0,44.364991333000944,IDLE
11.419779,1788156955.538527,0,44.468145375998574,IDLE
11.523401,1788156955.642150,0,44.571974886988755,IDLE
11.626681,1788156955.745430,0,44.67505513399374,IDLE
11.729983,1788156955.848732,0,44.778226436988916,IDLE
11.831938,1788156955.950686,0,44.88032136199763,IDLE
11.935383,1788156956.054132,0,44.98367116600275,IDLE
12.038226,1788156956.156975,0,45.086835041991435,IDLE
12.146688,1788156956.265436,0,45.19020569798886,IDLE
12.244181,1788156956.362930,0,45.292489531988394,IDLE
12.352604,1788156956.471353,0,45.399140691995854,IDLE
12.454702,1788156956.573451,0,45.50326668599155,IDLE
12.560300,1788156956.679049,0,45.60751240399259,IDLE
12.661047,1788156956.779796,0,45.70966229199257,IDLE
12.763225,1788156956.881974,0,45.81184432900045,IDLE
12.865467,1788156956.984215,0,45.91405912498885,IDLE
12.967691,1788156957.086440,0,46.01630899599695,IDLE
13.069835,1788156957.188584,0,46.11843423599203,IDLE
13.171932,1788156957.290680,0,46.22055375299533,IDLE
13.274609,1788156957.393357,0,46.32275940099498,IDLE
13.377917,1788156957.496666,0,46.426128852996044,IDLE
13.480786,1788156957.599534,0,46.52915113700146,IDLE
13.582681,1788156957.701430,0,46.6312711169885,IDLE
13.686662,1788156957.805411,0,46.73522598099953,IDLE
13.790356,1788156957.909105,0,46.83894613898883,IDLE
13.894066,1788156958.012815,0,46.94209401599073,IDLE
13.995629,1788156958.114377,0,47.044258330002776,IDLE
14.098276,1788156958.217025,0,47.1468881109904,IDLE
14.201365,1788156958.320114,0,47.249034035994555,IDLE
14.303296,1788156958.422044,0,47.35143442598928,IDLE
14.405010,1788156958.523759,0,47.45363496299251,IDLE
14.507231,1788156958.625980,0,47.55586014800065,IDLE
14.610636,1788156958.729385,0,47.65885435699602,IDLE
14.712629,1788156958.831378,0,47.76098330000241,IDLE
14.814770,1788156958.933518,0,47.86324267099553,IDLE
14.918032,1788156959.036780,0,47.9666278270015,IDLE
15.020363,1788156959.139112,0,48.06857547299296,IDLE
15.123302,1788156959.242050,0,48.17189253598917,IDLE
15.226041,1788156959.344790,0,48.274598891002825,IDLE
15.328257,1788156959.447006,0,48.376575852002134,IDLE
15.430605,1788156959.549354,0,48.47921081799723,IDLE
15.532871,1788156959.651619,0,48.58121146399935,IDLE
15.637611,1788156959.756359,0,48.68557521999173,IDLE
15.740304,1788156959.859053,0,48.78891154199664,IDLE
15.845437,1788156959.964186,0,48.89360080000188,IDLE
15.949688,1788156960.068437,0,48.99787120199471,IDLE
16.054494,1788156960.173243,0,49.10305944499851,IDLE
16.157944,1788156960.276693,0,49.20609150599921,IDLE
16.260533,1788156960.379282,0,49.30912573399837,IDLE
16.363843,1788156960.482592,0,49.41243274099543,IDLE
16.466244,1788156960.584993,0,49.51443125799415,IDLE
16.567902,1788156960.686651,0,49.616494738002075,IDLE
16.669965,1788156960.788713,0,49.71855710700038,IDLE
16.771937,1788156960.890686,0,49.82053356799588,IDLE
16.874804,1788156960.993553,0,49.92253404798976,IDLE
16.976507,1788156961.095256,0,50.02463634299056,IDLE
17.083203,1788156961.201952,0,50.131744042999344,IDLE
17.188722,1788156961.307471,0,50.237363899999764,IDLE
17.291249,1788156961.409997,0,50.33940615798929,IDLE
17.395248,1788156961.513996,0,50.44374343199888,IDLE
17.500183,1788156961.618932,0,50.548742394996225,IDLE
17.604678,1788156961.723426,0,50.65227182999661,IDLE
17.706466,1788156961.825215,0,50.75449227399076,IDLE
17.808343,1788156961.927092,0,50.8569405899907,IDLE
17.910812,1788156962.029561,0,50.95938355498947,IDLE
18.013421,1788156962.132169,0,51.061878592998255,IDLE
18.115949,1788156962.234698,0,51.16424083500169,IDLE
18.218577,1788156962.337326,0,51.26635607499338,IDLE
18.320992,1788156962.439741,0,51.36958602599043,IDLE
18.423164,1788156962.541913,0,51.47179369199148,IDLE
18.526954,1788156962.645703,0,51.57411213699379,IDLE
18.628178,1788156962.746927,0,51.67685267799243,IDLE
18.731911,1788156962.850659,0,51.7800338879897,IDLE
18.833965,1788156962.952713,0,51.88253796398931,IDLE
18.939448,1788156963.058197,0,51.987688371998956,IDLE
19.042438,1788156963.161187,0,52.090584061996196,IDLE
19.144037,1788156963.262786,0,52.19259478300228,IDLE
19.249258,1788156963.368006,0,52.2978740069957,IDLE
19.351526,1788156963.470274,0,52.39986348699313,IDLE
19.454840,1788156963.573589,0,52.50205024599563,IDLE
19.556989,1788156963.675738,0,52.60425730099087,IDLE
19.659709,1788156963.778458,0,52.70651546800218,IDLE
19.760299,1788156963.879048,0,52.80861405900214,IDLE
19.863648,1788156963.982396,0,52.9108701889927,IDLE
19.964788,1788156964.083537,0,53.0131443739956,IDLE
20.066838,1788156964.185587,0,53.11545063399535,IDLE
20.168836,1788156964.287585,0,53.217465520996484,IDLE
20.272529,1788156964.391278,0,53.32064697200258,IDLE
20.377171,1788156964.495920,0,53.42540884099435,IDLE
20.480404,1788156964.599153,0,53.528562235995196,IDLE
20.583522,1788156964.702271,0,53.63151257399295,IDLE
20.688224,1788156964.806973,0,53.73641112999758,IDLE
20.797061,1788156964.915809,0,53.844896376002,IDLE
20.899634,1788156965.018382,0,53.94818849398871,IDLE
21.002983,1788156965.121732,0,54.0513522229885,IDLE
21.106802,1788156965.225551,0,54.15538840199588,IDLE
21.209214,1788156965.327963,0,54.25750038199476,IDLE
21.311972,1788156965.430721,0,54.36056840600213,IDLE
21.414458,1788156965.533207,0,54.462747553989175,IDLE
21.516479,1788156965.635228,0,54.56479486699391,IDLE
21.622181,1788156965.740930,0,54.67050694698992,IDLE
21.724211,1788156965.842960,0,54.77256685298926,IDLE
21.827461,1788156965.946210,0,54.87585311899602,IDLE
21.929267,1788156966.048016,0,54.97793578499113,IDLE
22.036543,1788156966.155292,0,55.0843381099985,IDLE
22.139673,1788156966.258421,0,55.18778550699062,IDLE
22.241253,1788156966.360002,0,55.28992946899962,IDLE
22.343806,1788156966.462555,0,55.392128282997874,IDLE
22.447362,1788156966.566110,0,55.495964108995395,IDLE
22.549842,1788156966.668591,0,55.598145459996886,IDLE
22.653643,1788156966.772392,0,55.70147113400162,IDLE
22.756350,1788156966.875099,0,55.80443165799079,IDLE
22.859383,1788156966.978132,0,55.90760899698944,IDLE
22.967741,1788156967.086490,0,56.01575075999426,IDLE
23.070164,1788156967.188913,0,56.11875496899302,IDLE
23.173230,1788156967.291979,0,56.22157165799581,IDLE
23.276416,1788156967.395165,0,56.32499836999341,IDLE
23.378731,1788156967.497479,0,56.426954033988295,IDLE
23.482427,1788156967.601176,0,56.53100937999261,IDLE
23.585614,1788156967.704362,0,56.63424151598883,IDLE
23.687840,1788156967.806588,0,56.736457220002194,IDLE
23.789986,1788156967.908735,0,56.83861449699907,IDLE
23.893763,1788156968.012512,0,56.94222624698887,IDLE
23.996779,1788156968.115528,0,57.04516125199734,IDLE
24.099191,1788156968.217940,0,57.147215656994376,IDLE
24.202719,1788156968.321468,0,57.25028205200215,IDLE
24.310945,1788156968.429694,0,57.35640894899552,IDLE
24.414740,1788156968.533488,0,57.46293049700034,IDLE
24.520643,1788156968.639392,0,57.56923121,IDLE
24.624725,1788156968.743474,0,57.672929052991094,IDLE
24.726812,1788156968.845560,0,57.775118218996795,IDLE
24.829514,1788156968.948262,0,57.878086167998845,IDLE
24.932554,1788156969.051302,0,57.98114554399217,IDLE
25.036889,1788156969.155638,0,58.08461662699119,IDLE
25.143863,1788156969.262612,0,58.192411923999316,IDLE
25.248966,1788156969.367715,0,58.29483105499821,IDLE
25.348402,1788156969.467151,0,58.396987849992,IDLE
25.452744,1788156969.571493,0,58.50088049098849,IDLE
25.554761,1788156969.673509,0,58.60306271299487,IDLE
25.657973,1788156969.776722,0,58.706546980989515,IDLE
25.760320,1788156969.879069,0,58.8086675539962,IDLE
25.862729,1788156969.981478,0,58.910943645998486,IDLE
25.965770,1788156970.084519,0,59.014102800996625,IDLE
26.068098,1788156970.186847,0,59.11638554200181,IDLE
26.171170,1788156970.289918,0,59.21937928699481,IDLE
26.273244,1788156970.391993,0,59.32140421199438,IDLE
26.375318,1788156970.494067,0,59.42349326598924,IDLE
26.478475,1788156970.597224,0,59.52641489999951,IDLE
26.581561,1788156970.700310,0,59.630132947000675,IDLE
26.686139,1788156970.804888,0,59.73366032599006,IDLE
26.788110,1788156970.906858,0,59.836719812999945,IDLE
26.890312,1788156971.009061,0,59.93867562599189,IDLE
26.995264,1788156971.114012,0,60.04379514500033,IDLE
27.098444,1788156971.217192,0,60.14637361100176,IDLE
27.201661,1788156971.320410,0,60.250212250990444,IDLE
27.306014,1788156971.424763,0,60.354596228993614,IDLE
27.409147,1788156971.527896,0,60.45665461599128,IDLE
27.510567,1788156971.629316,0,60.55920415499713,IDLE
27.612821,1788156971.731569,0,60.66116307899938,IDLE
27.715713,1788156971.834462,0,60.76427882499411,IDLE
27.819418,1788156971.938167,0,60.86800548399333,IDLE
27.924089,1788156972.042838,0,60.972665277993656,IDLE
28.027835,1788156972.146583,0,61.07642230700003,IDLE
28.132402,1788156972.251150,0,61.180927932990016,IDLE
28.241564,1788156972.360312,0,61.290180147989304,IDLE
28.343906,1788156972.462654,0,61.39222588700068,IDLE
28.445898,1788156972.564647,0,61.49421481099853,IDLE
28.551075,1788156972.669823,0,61.59962190699298,IDLE
28.654980,1788156972.773728,0,61.703198285991675,IDLE
28.757647,1788156972.876395,0,61.80621449499449,IDLE
28.859611,1788156972.978359,0,61.90820678899763,IDLE
28.961529,1788156973.080278,0,62.010178268988966,IDLE
29.063885,1788156973.182633,0,62.11217478499748,IDLE
29.167255,1788156973.286004,0,62.21583342499798,IDLE
29.270285,1788156973.389034,0,62.31886494799983,IDLE
29.373152,1788156973.491901,0,62.42178073099058,IDLE
29.475630,1788156973.594378,0,62.523844006995205,IDLE
29.578076,1788156973.696825,0,62.62663936200261,IDLE
29.684572,1788156973.803321,0,62.73301844600064,IDLE
29.787631,1788156973.906379,0,62.835882931991364,IDLE
29.890316,1788156974.009065,0,62.93830217399227,IDLE
29.992572,1788156974.111320,0,63.04115019598976,IDLE
30.096885,1788156974.215634,0,63.1454293949937,IDLE
30.200853,1788156974.319602,0,63.24899910799286,IDLE
30.309565,1788156974.428314,0,63.357923523988575,IDLE
30.413175,1788156974.531924,0,63.461745441993116,IDLE
30.516791,1788156974.635540,0,63.565386265996494,IDLE
30.619377,1788156974.738126,0,63.66746248699201,IDLE
30.721221,1788156974.839970,0,63.769573874989874,IDLE
30.827270,1788156974.946019,0,63.87505428599252,IDLE
30.928374,1788156975.047123,0,63.977027209999505,IDLE
31.031079,1788156975.149828,0,64.07917456098949,IDLE
31.133514,1788156975.252263,0,64.18117118800001,IDLE
31.236681,1788156975.355430,0,64.284522492002,IDLE
31.338090,1788156975.456839,0,64.3866991949908,IDLE
31.440176,1788156975.558924,0,64.48878210099065,IDLE
31.542336,1788156975.661085,0,64.5909282299981,IDLE
31.644290,1788156975.763039,0,64.6928981539968,IDLE
31.746841,1788156975.865590,0,64.79530959899421,IDLE
31.850981,1788156975.969730,0,64.89860342099564,IDLE
31.955013,1788156976.073762,0,65.0035641430004,IDLE
32.058464,1788156976.177212,0,65.1070540590008,IDLE
32.162079,1788156976.280827,0,65.21064769799705,IDLE
32.265492,1788156976.384241,0,65.3140808169992,IDLE
32.371525,1788156976.490274,0,65.41634481700021,IDLE
32.471637,1788156976.590386,0,65.51962189799815,IDLE
32.576060,1788156976.694808,0,65.62419837599737,IDLE
32.679047,1788156976.797796,0,65.72749443899374,IDLE
32.781168,1788156976.899917,0,65.82982632800122,IDLE
32.884717,1788156977.003466,0,65.93197490100283,IDLE
32.986583,1788156977.105332,0,66.03517261099478,IDLE
33.089020,1788156977.207768,0,66.13739870399877,IDLE
33.191138,1788156977.309886,0,66.2397778149898,IDLE
33.294664,1788156977.413413,0,66.34283557999879,IDLE
33.396727,1788156977.515476,0,66.44504085699737,IDLE
33.499840,1788156977.618588,0,66.54842303199985,IDLE
33.604072,1788156977.722821,0,66.65179591000197,IDLE
33.705896,1788156977.824645,0,66.75392514899431,IDLE
33.808473,1788156977.927222,0,66.85704993299441,IDLE
33.910993,1788156978.029742,0,66.95933691399114,IDLE
34.013242,1788156978.131990,0,67.06162056299218,IDLE
34.116583,1788156978.235332,0,67.164030859989,IDLE
34.217546,1788156978.336295,0,67.2661741549964,IDLE
34.322999,1788156978.441748,0,67.36910006699327,IDLE
34.427804,1788156978.546552,0,67.47614174798946,IDLE
34.529644,1788156978.648393,0,67.57820015399193,IDLE
34.632198,1788156978.750947,0,67.68077571099275,IDLE
34.735781,1788156978.854530,0,67.78389192098984,IDLE
34.839395,1788156978.958143,0,67.88761381999939,IDLE
34.941344,1788156979.060092,0,67.98966411399306,IDLE
35.044016,1788156979.162765,0,68.09258202600176,IDLE
35.146265,1788156979.265014,0,68.19458415400004,IDLE
35.248791,1788156979.367539,0,68.29736769400188,IDLE
35.352401,1788156979.471150,0,68.40082794299815,IDLE
35.454964,1788156979.573713,0,68.50351926099393,IDLE
35.557511,1788156979.676260,0,68.60570111199922,IDLE
35.660660,1788156979.779409,0,68.70873222799855,IDLE
35.762541,1788156979.881290,0,68.81095319100132,IDLE
35.865502,1788156979.984251,0,68.91335745099059,IDLE
35.967878,1788156980.086627,0,69.01646575299674,IDLE
36.070196,1788156980.188944,0,69.11889317999885,IDLE
36.172786,1788156980.291535,0,69.22142494100262,IDLE
36.275265,1788156980.394014,0,69.32351866200042,IDLE
36.377413,1788156980.496162,0,69.42603116299142,IDLE
36.479769,1788156980.598518,0,69.52810594000039,IDLE
36.582611,1788156980.701360,0,69.63062782998895,IDLE
36.685235,1788156980.803984,0,69.73322864699003,IDLE
36.787807,1788156980.906555,0,69.83608826198906,IDLE
36.890571,1788156981.009320,0,69.93915674899472,IDLE
36.993742,1788156981.112490,0,70.0420462530019,IDLE
37.096426,1788156981.215175,0,70.14504186899285,IDLE
37.199052,1788156981.317801,0,70.24706809000054,IDLE
37.301358,1788156981.420106,0,70.34993738999765,IDLE
37.404946,1788156981.523694,0,70.45350980600051,IDLE
37.508844,1788156981.627593,0,70.55704403699201,IDLE
37.622250,1788156981.740999,0,70.66512924399285,IDLE
37.719869,1788156981.838618,0,70.76826661999803,IDLE
37.823763,1788156981.942512,0,70.87210740799492,IDLE
37.926205,1788156982.044953,0,70.97479235500214,IDLE
38.029070,1788156982.147818,0,71.07768824900268,IDLE
38.132941,1788156982.251690,0,71.18117227499897,IDLE
38.236836,1788156982.355585,0,71.28540869599965,IDLE
38.340642,1788156982.459391,0,71.38919137298944,IDLE
38.444287,1788156982.563035,0,71.49137237199466,IDLE
38.545704,1788156982.664453,0,71.5933910929889,IDLE
38.647637,1788156982.766385,0,71.69547057300224,IDLE
38.748944,1788156982.867692,0,71.79750821899506,IDLE
38.853396,1788156982.972145,0,71.90017809199344,IDLE
38.957103,1788156983.075851,0,72.00263575999998,IDLE
39.056070,1788156983.174818,0,72.10469294399081,IDLE
39.158657,1788156983.277406,0,72.20712933299365,IDLE
39.260506,1788156983.379254,0,72.30913075699937,IDLE
39.363554,1788156983.482303,0,72.41192348299955,IDLE
39.466298,1788156983.585046,0,72.51486067299265,IDLE
39.569509,1788156983.688258,0,72.6179687519907,IDLE
39.681508,1788156983.800256,0,72.72882664499048,IDLE
39.783823,1788156983.902571,0,72.83173920499394,IDLE
39.886958,1788156984.005706,0,72.93494350698893,IDLE
39.988988,1788156984.107737,0,73.03760712099029,IDLE
40.091326,1788156984.210075,0,73.13966202699521,IDLE
40.194729,1788156984.313477,0,73.24331235099817,IDLE
40.297055,1788156984.415803,0,73.34536777499306,IDLE
40.399248,1788156984.517996,0,73.44789331399079,IDLE
40.503575,1788156984.622324,0,73.55142832199635,IDLE
40.607680,1788156984.726429,0,73.65622345099109,IDLE
40.711529,1788156984.830278,0,73.76006779499585,IDLE
40.815448,1788156984.934196,0,73.86391343499417,IDLE
40.921014,1788156985.039763,0,73.96958708799502,IDLE
41.025065,1788156985.143814,0,74.07276470499346,IDLE
41.127635,1788156985.246384,0,74.17515218700282,IDLE
41.229458,1788156985.348207,0,74.27746233499784,IDLE
41.331928,1788156985.450677,0,74.38051665500097,IDLE
41.438695,1788156985.557444,0,74.487228907994,IDLE
41.542910,1788156985.661658,0,74.59135416099161,IDLE
41.650182,1788156985.768931,0,74.69865734399355,IDLE
41.753443,1788156985.872191,0,74.80209985199326,IDLE
41.859010,1788156985.977758,0,74.90751152099983,IDLE
41.964823,1788156986.083572,0,75.01337173099455,IDLE
42.067168,1788156986.185917,0,75.11550134100253,IDLE
42.170526,1788156986.289274,0,75.21879818099842,IDLE
42.273431,1788156986.392180,0,75.32182009400276,IDLE
42.375613,1788156986.494362,0,75.42394005598908,IDLE
42.478365,1788156986.597113,0,75.52635792699584,IDLE
42.579885,1788156986.698633,0,75.62840396199317,IDLE
42.681781,1788156986.800529,0,75.7303948859917,IDLE
42.785212,1788156986.903960,0,75.83335068699671,IDLE
42.886943,1788156987.005692,0,75.93537399999332,IDLE
42.990519,1788156987.109267,0,76.03850480199617,IDLE
43.093507,1788156987.212255,0,76.14107946999138,IDLE
43.196990,1788156987.315738,0,76.24548142899584,IDLE
43.300793,1788156987.419541,0,76.34874104699702,IDLE
43.402463,1788156987.521211,0,76.45079748998978,IDLE
43.505952,1788156987.624701,0,76.55406727400259,IDLE
43.609388,1788156987.728137,0,76.65797684100107,IDLE
43.711808,1788156987.830557,0,76.76013422899996,IDLE
43.814779,1788156987.933528,0,76.86339379099081,IDLE
43.917289,1788156988.036037,0,76.96555667900247,IDLE
44.019536,1788156988.138285,0,77.06820314399374,IDLE
44.122884,1788156988.241633,0,77.17124131599849,IDLE
44.224876,1788156988.343624,0,77.27344542599167,IDLE
44.328428,1788156988.447177,0,77.37663437699666,IDLE
44.430512,1788156988.549261,0,77.47886117298913,IDLE
44.534037,1788156988.652786,0,77.58156974999292,IDLE
44.636900,1788156988.755649,0,77.68468614399899,IDLE
44.740029,1788156988.858778,0,77.78854230299476,IDLE
44.843575,1788156988.962323,0,77.89217190499767,IDLE
44.945925,1788156989.064673,0,77.994257311002,IDLE
45.048602,1788156989.167350,0,78.09716640799888,IDLE
45.152304,1788156989.271053,0,78.20086939899193,IDLE
45.256004,1788156989.374753,0,78.30453855599626,IDLE
45.359415,1788156989.478163,0,78.40656035099528,IDLE
45.461007,1788156989.579755,0,78.50957457799814,IDLE
45.571914,1788156989.690662,0,78.61348112599808,IDLE
45.667615,1788156989.786364,0,78.71588249699562,IDLE
45.770529,1788156989.889278,0,78.81879981599923,IDLE
45.872638,1788156989.991386,0,78.92094664799515,IDLE
45.975217,1788156990.093966,0,79.0238048559986,IDLE
46.081669,1788156990.200418,0,79.12624230099027,IDLE
46.179660,1788156990.298409,0,79.2282355579955,IDLE
46.285580,1788156990.404329,0,79.33382487700146,IDLE
46.388006,1788156990.506754,0,79.43613526599074,IDLE
46.492123,1788156990.610872,0,79.54069385598996,IDLE
46.599758,1788156990.718507,0,79.6482989849901,IDLE
46.703641,1788156990.822390,0,79.75222621799912,IDLE
46.806697,1788156990.925446,0,79.85449588399206,IDLE
46.909384,1788156991.028133,0,79.95741316599015,IDLE
47.011783,1788156991.130532,0,80.06009466899559,IDLE
47.114276,1788156991.233025,0,80.16287770899362,IDLE
47.217283,1788156991.336032,0,80.26535328499449,IDLE
47.319543,1788156991.438291,0,80.36753772800148,IDLE
47.424300,1788156991.543048,0,80.46983043198998,IDLE
47.524001,1788156991.642750,0,80.57261702799588,IDLE
47.627467,1788156991.746216,0,80.67545549399802,IDLE
47.728853,1788156991.847601,0,80.77748841799621,IDLE
47.831910,1788156991.950658,0,80.88049645999854,IDLE
47.936557,1788156992.055305,0,80.98425315599889,IDLE
48.039986,1788156992.158734,0,81.08802820299752,IDLE
48.142586,1788156992.261335,0,81.19119167099416,IDLE
48.245517,1788156992.364266,0,81.29347528200014,IDLE
48.348494,1788156992.467243,0,81.39711379200162,IDLE
48.452367,1788156992.571116,0,81.5002250559919,IDLE
48.553931,1788156992.672680,0,81.60251987099764,IDLE
48.656873,1788156992.775621,0,81.70528429999831,IDLE
48.759626,1788156992.878375,0,81.80821743399429,IDLE
48.862518,1788156992.981267,0,81.91109234499163,IDLE
48.965215,1788156993.083964,0,82.01322347400128,IDLE
49.067763,1788156993.186512,0,82.11590323600103,IDLE
49.170655,1788156993.289404,0,82.21884790700278,IDLE
49.272750,1788156993.391499,0,82.32083616399905,IDLE
49.376439,1788156993.495188,0,82.42358575899561,IDLE
49.477822,1788156993.596571,0,82.52639752200048,IDLE
49.581405,1788156993.700154,0,82.62999495699478,IDLE
49.685159,1788156993.803908,0,82.73357335499895,IDLE
49.792841,1788156993.911590,0,82.84141239299788,IDLE
49.896458,1788156994.015207,0,82.94492417899892,IDLE
50.000886,1788156994.119635,0,83.0490656359907,IDLE
50.104081,1788156994.222830,0,83.15232571600063,IDLE
50.205827,1788156994.324576,0,83.25443688199448,IDLE
50.309204,1788156994.427952,0,83.35740362700017,IDLE
50.411197,1788156994.529946,0,83.45954481099034,IDLE
50.516273,1788156994.635022,0,83.56411567798932,IDLE
50.619766,1788156994.738515,0,83.66827254300006,IDLE
50.722278,1788156994.841027,0,83.77029309599311,IDLE
50.824521,1788156994.943269,0,83.87311669198971,IDLE
50.927480,1788156995.046228,0,83.97575847199187,IDLE
51.030127,1788156995.148875,0,84.07867658798932,IDLE
51.134141,1788156995.252890,0,84.18265089498891,IDLE
51.236447,1788156995.355196,0,84.28474217199255,IDLE
51.339849,1788156995.458597,0,84.38844332899316,IDLE
51.442146,1788156995.560894,0,84.49044710499584,IDLE
51.545204,1788156995.663953,0,84.59362557399436,IDLE
51.647772,1788156995.766521,0,84.69634994700027,IDLE
51.750728,1788156995.869477,0,84.79888428199047,IDLE
51.854154,1788156995.972902,0,84.90224788199703,IDLE
51.956719,1788156996.075468,0,85.00434371399751,IDLE
52.057985,1788156996.176734,0,85.106457322996,IDLE
52.160733,1788156996.279481,0,85.20932227199955,IDLE
52.264601,1788156996.383349,0,85.31285789099638,IDLE
52.366750,1788156996.485498,0,85.41497996399994,IDLE
52.468454,1788156996.587203,0,85.51704101799987,IDLE
52.571350,1788156996.690099,0,85.61908816399227,IDLE
52.673477,1788156996.792226,0,85.7212381069985,IDLE
52.775555,1788156996.894304,0,85.82328073499957,IDLE
52.879301,1788156996.998050,0,85.92784126898914,IDLE
52.984663,1788156997.103412,0,86.0332160120015,IDLE
53.088221,1788156997.206969,0,86.13685552099196,IDLE
53.190722,1788156997.309471,0,86.23889750099625,IDLE
53.293420,1788156997.412169,0,86.34165406000102,IDLE
53.395390,1788156997.514139,0,86.44371818700165,IDLE
53.497778,1788156997.616526,0,86.54575916699832,IDLE
53.599707,1788156997.718456,0,86.64800538899726,IDLE
53.702182,1788156997.820931,0,86.75076592899859,IDLE
53.812641,1788156997.931390,0,86.8554710749886,IDLE
53.913195,1788156998.031944,0,86.96177380598965,IDLE
54.021101,1788156998.139849,0,87.06968573298946,IDLE
54.132022,1788156998.250770,0,87.1762605959957,IDLE
54.243277,1788156998.362025,0,87.29166953799722,IDLE
54.357626,1788156998.476374,0,87.40581271199335,IDLE
54.462730,1788156998.581479,0,87.51132838199555,IDLE
54.569574,1788156998.688323,0,87.61648023499583,IDLE
54.676852,1788156998.795600,0,87.72480131300108,IDLE
54.783319,1788156998.902068,0,87.83140923098836,IDLE
54.892498,1788156999.011247,0,87.94105863399454,IDLE
54.995954,1788156999.114703,0,88.04448649298865,IDLE
55.101750,1788156999.220499,0,88.14874030298961,IDLE
55.204410,1788156999.323159,0,88.25299992699001,IDLE
55.307863,1788156999.426612,0,88.35646271299629,IDLE
55.411770,1788156999.530518,0,88.46030868600064,IDLE
55.515414,1788156999.634163,0,88.56388445399352,IDLE
55.619047,1788156999.737795,0,88.66760711200186,IDLE
55.722698,1788156999.841447,0,88.77129758399678,IDLE
55.826952,1788156999.945701,0,88.8755214119883,IDLE
55.930488,1788157000.049237,0,88.97909006899863,IDLE
56.032853,1788157000.151601,0,89.08120704899193,IDLE
56.135670,1788157000.254419,0,89.18425659099012,IDLE
56.238518,1788157000.357267,0,89.28713298399816,IDLE
56.343243,1788157000.461992,0,89.39145392399223,IDLE
56.445528,1788157000.564276,0,89.49412224099797,IDLE
56.549276,1788157000.668025,0,89.59697204099211,IDLE
56.651289,1788157000.770038,0,89.69985671099857,IDLE
56.754323,1788157000.873071,0,89.80286851199344,IDLE
56.857870,1788157000.976619,0,89.90620540799864,IDLE
56.960555,1788157001.079304,0,90.00912791199517,IDLE
57.063982,1788157001.182731,0,90.11259827199683,IDLE
57.167505,1788157001.286253,0,90.21553777599183,IDLE
57.270726,1788157001.389475,0,90.31929421199311,IDLE
57.375723,1788157001.494472,0,90.42392298699997,IDLE
57.481312,1788157001.600061,0,90.52907324700209,IDLE
57.590110,1788157001.708858,0,90.63865866800188,IDLE
57.694356,1788157001.813104,0,90.74293527400005,IDLE
57.795741,1788157001.914490,0,90.84424861799926,IDLE
57.897811,1788157002.016559,0,90.94632537598955,IDLE
58.000182,1788157002.118931,0,91.04855081999267,IDLE
58.106485,1788157002.225233,0,91.1546160680009,IDLE
58.208282,1788157002.327031,0,91.25689997499285,IDLE
58.311514,1788157002.430263,0,91.3593864759896,IDLE
58.413415,1788157002.532164,0,91.46166703099152,IDLE
58.518608,1788157002.637357,0,91.56656904899864,IDLE
58.620904,1788157002.739653,0,91.66947668298963,IDLE
58.724561,1788157002.843310,0,91.77316163599608,IDLE
58.828501,1788157002.947249,0,91.87703633199271,IDLE
58.931530,1788157003.050278,0,91.98015491200204,IDLE
59.034841,1788157003.153590,0,92.08340036199661,IDLE
59.137252,1788157003.256001,0,92.18563360199914,IDLE
59.239486,1788157003.358234,0,92.28805263999675,IDLE
59.341842,1788157003.460590,0,92.39019276799809,IDLE
59.443907,1788157003.562655,0,92.49246423099248,IDLE
59.546299,1788157003.665048,0,92.59464347099129,IDLE
59.648803,1788157003.767552,0,92.69694785999309,IDLE
59.750559,1788157003.869308,0,92.7991376919963,IDLE
59.854788,1788157003.973536,0,92.90252643999702,IDLE
59.957369,1788157004.076118,0,93.00558224099223,IDLE
60.059976,1788157004.178725,0,93.10781751800096,IDLE
60.162296,1788157004.281044,0,93.2108919309976,IDLE
60.265348,1788157004.384097,0,93.31327254200005,IDLE
60.369070,1788157004.487818,0,93.41705532999185,IDLE
60.472352,1788157004.591101,0,93.52036602199951,IDLE
60.575221,1788157004.693970,0,93.62379875199986,IDLE
60.677408,1788157004.796156,0,93.7260753439914,IDLE
60.781392,1788157004.900141,0,93.82937722100178,IDLE
60.884085,1788157005.002834,0,93.93148697899596,IDLE
60.986119,1788157005.104868,0,94.03374008899846,IDLE
61.088098,1788157005.206847,0,94.13644053599273,IDLE
61.191742,1788157005.310491,0,94.24035682500107,IDLE
61.294853,1788157005.413601,0,94.34343890399032,IDLE
61.401596,1788157005.520344,0,94.44733847099997,IDLE
61.500893,1788157005.619642,0,94.5495167659974,IDLE
61.603243,1788157005.721992,0,94.65180267299002,IDLE
61.706383,1788157005.825131,0,94.75498925299325,IDLE
61.809684,1788157005.928433,0,94.85825390799437,IDLE
61.913015,1788157006.031764,0,94.96164328500163,IDLE
62.017324,1788157006.136072,0,95.06563431498944,IDLE
62.121116,1788157006.239865,0,95.16967329000181,IDLE
62.224734,1788157006.343483,0,95.2727615909971,IDLE
62.329646,1788157006.448395,0,95.3782088529988,IDLE
62.433552,1788157006.552300,0,95.4814165259886,IDLE
62.535379,1788157006.654128,0,95.58402795399888,IDLE
62.638783,1788157006.757532,0,95.6872762379935,IDLE
62.740921,1788157006.859670,0,95.78954849699221,IDLE
62.844126,1788157006.962874,0,95.89273702100036,IDLE
62.948735,1788157007.067484,0,95.99671832899912,IDLE
63.050612,1788157007.169361,0,96.09898397698998,IDLE
63.154081,1788157007.272829,0,96.20223607499793,IDLE
63.257577,1788157007.376326,0,96.30553413799498,IDLE
63.360146,1788157007.478894,0,96.40874477299803,IDLE
63.465643,1788157007.584392,0,96.51420716498978,IDLE
63.568592,1788157007.687340,0,96.61722213299072,IDLE
63.673404,1788157007.792153,0,96.72132334898924,IDLE
63.776588,1788157007.895337,0,96.82452868799737,IDLE
63.878210,1788157007.996959,0,96.92682174299262,IDLE
63.983445,1788157008.102193,0,97.03200846599066,IDLE
64.088272,1788157008.207021,0,97.1343352440017,IDLE
64.187971,1788157008.306720,0,97.23655498398875,IDLE
64.290374,1788157008.409122,0,97.33901226299349,IDLE
64.393682,1788157008.512431,0,97.4417300990026,IDLE
64.496807,1788157008.615555,0,97.54462315799901,IDLE
64.598891,1788157008.717639,0,97.64698462099477,IDLE
64.702927,1788157008.821676,0,97.75150826599565,IDLE
64.807153,1788157008.925902,0,97.85575259399775,IDLE
64.910444,1788157009.029192,0,97.95863165298942,IDLE
65.014139,1788157009.132887,0,98.06268849800108,IDLE
65.117764,1788157009.236512,0,98.16636243299581,IDLE
65.220518,1788157009.339267,0,98.26868767398992,IDLE
65.323463,1788157009.442211,0,98.37203175498871,IDLE
65.425978,1788157009.544726,0,98.47427934699226,IDLE
65.527862,1788157009.646610,0,98.57645603099081,IDLE
65.632244,1788157009.750993,0,98.67899208799645,IDLE
65.733747,1788157009.852495,0,98.78117351299443,IDLE
65.839712,1788157009.958461,0,98.88443285199173,IDLE
65.938049,1788157010.056798,0,98.98662722199515,IDLE
66.043558,1788157010.162307,0,99.09216000299784,IDLE
66.146063,1788157010.264812,0,99.19431933500164,IDLE
66.252725,1788157010.371474,0,99.29745322899544,IDLE
66.352092,1788157010.470840,0,99.39971970999613,IDLE
66.453753,1788157010.572501,0,99.5021338959923,IDLE
66.556677,1788157010.675426,0,99.60454582198872,IDLE
66.659771,1788157010.778520,0,99.70761547599977,IDLE
66.762670,1788157010.881419,0,99.81122833599511,IDLE
66.865106,1788157010.983854,0,99.91336163099913,IDLE
66.967456,1788157011.086205,0,100.01573972399638,IDLE
67.070081,1788157011.188829,0,100.11789377799141,IDLE
67.172543,1788157011.291292,0,100.22024620400043,IDLE
67.275104,1788157011.393852,0,100.32238097999652,IDLE
67.377194,1788157011.495943,0,100.4246855169913,IDLE
67.479156,1788157011.597904,0,100.52671629299584,IDLE
67.581120,1788157011.699868,0,100.62883701399551,IDLE
67.682746,1788157011.801495,0,100.7309102149884,IDLE
67.789632,1788157011.908381,0,100.83821441599866,IDLE
67.893563,1788157012.012312,0,100.94095049299358,IDLE
67.995174,1788157012.113923,0,101.04323440000007,IDLE
68.096805,1788157012.215554,0,101.14540012099314,IDLE
68.199105,1788157012.317853,0,101.247645971991,IDLE
68.302269,1788157012.421017,0,101.34985448999214,IDLE
68.404173,1788157012.522922,0,101.45207093299541,IDLE
68.505769,1788157012.624518,0,101.55430685800093,IDLE
68.609153,1788157012.727901,0,101.65639813400048,IDLE
68.712576,1788157012.831325,0,101.76043131299957,IDLE
68.817547,1788157012.936296,0,101.86612877999141,IDLE
68.922312,1788157013.041061,0,101.9703601450019,IDLE
69.025906,1788157013.144655,0,102.07449367600202,IDLE
69.136169,1788157013.254917,0,102.18444054300198,IDLE
69.240752,1788157013.359500,0,102.28932920900115,IDLE
69.345268,1788157013.464016,0,102.3938696129917,IDLE
69.450313,1788157013.569062,0,102.49886331599555,IDLE
69.556946,1788157013.675694,0,102.60553012299351,IDLE
69.665577,1788157013.784326,0,102.71381760899385,IDLE
69.770374,1788157013.889122,0,102.81706616999872,IDLE
69.874290,1788157013.993038,0,102.92252809899219,IDLE
69.984479,1788157014.103228,0,103.0330154330004,IDLE
70.088348,1788157014.207097,0,103.13637225500133,IDLE
70.191862,1788157014.310611,0,103.2398330589931,IDLE
70.296681,1788157014.415430,0,103.34456913098984,IDLE
70.411001,1788157014.529750,0,103.4504629879957,IDLE
70.508175,1788157014.626923,0,103.55681066399848,IDLE
70.612552,1788157014.731301,0,103.66056471099728,IDLE
70.714078,1788157014.832827,0,103.76266102399677,IDLE
70.816379,1788157014.935127,0,103.86474705899309,IDLE
70.918146,1788157015.036895,0,103.96679542699712,IDLE
71.021556,1788157015.140305,0,104.0700478219951,IDLE
71.125146,1788157015.243894,0,104.17372527599218,IDLE
71.230037,1788157015.348786,0,104.27781078800035,IDLE
71.337986,1788157015.456734,0,104.38463035599852,IDLE
71.444082,1788157015.562830,0,104.49266572800116,IDLE
71.553942,1788157015.672690,0,104.60006572600105,IDLE
71.655425,1788157015.774174,0,104.70400710699323,IDLE
71.759586,1788157015.878335,0,104.80819539799995,IDLE
71.864776,1788157015.983525,0,104.91333543499059,IDLE
71.970403,1788157016.089152,0,105.01765894900018,IDLE
72.073576,1788157016.192325,0,105.12214548198972,IDLE
72.176730,1788157016.295479,0,105.22532217299158,IDLE
72.280808,1788157016.399557,0,105.32770217300276,IDLE
72.381712,1788157016.500461,0,105.4300308029924,IDLE
72.485490,1788157016.604239,0,105.53249230299843,IDLE
72.586378,1788157016.705126,0,105.63492765599221,IDLE
72.691377,1788157016.810125,0,105.73971078399336,IDLE
72.793977,1788157016.912725,0,105.84200233899173,IDLE
72.896306,1788157017.015054,0,105.94433507899521,IDLE
72.998427,1788157017.117176,0,106.04706458200235,IDLE
73.103220,1788157017.221968,0,106.15180541299924,IDLE
73.206777,1788157017.325526,0,106.2544631560013,IDLE
73.310366,1788157017.429115,0,106.35898315199302,IDLE
73.415151,1788157017.533899,0,106.46324138800264,IDLE
73.518657,1788157017.637406,0,106.5671919729939,IDLE
73.622890,1788157017.741638,0,106.67073349899147,IDLE
73.729604,1788157017.848352,0,106.77809177400195,IDLE
73.833233,1788157017.951982,0,106.88161609700182,IDLE
73.938685,1788157018.057434,0,106.98727374999726,IDLE
74.043251,1788157018.162000,0,107.0918767839903,IDLE
74.147686,1788157018.266434,0,107.1963016869995,IDLE
74.252901,1788157018.371650,0,107.30008595599793,IDLE
74.359853,1788157018.478602,0,107.40640961300232,IDLE
74.465910,1788157018.584659,0,107.51380101799441,IDLE
74.574183,1788157018.692932,0,107.61961548599356,IDLE
74.675192,1788157018.793940,0,107.72378388699144,IDLE
74.779885,1788157018.898634,0,107.82848695899884,IDLE
74.884199,1788157019.002948,0,107.93219776499609,IDLE
74.987518,1788157019.106267,0,108.03555125299317,IDLE
75.092219,1788157019.210968,0,108.14079058798961,IDLE
75.197422,1788157019.316170,0,108.24497806299769,IDLE
75.302576,1788157019.421325,0,108.35055045600166,IDLE
75.407295,1788157019.526044,0,108.45586354999978,IDLE
75.515827,1788157019.634576,0,108.56378208799288,IDLE
75.618784,1788157019.737533,0,108.66737281899259,IDLE
75.722407,1788157019.841156,0,108.77103355000145,IDLE
75.825834,1788157019.944582,0,108.8744207790005,IDLE
75.929318,1788157020.048066,0,108.9779189349938,IDLE
76.032793,1788157020.151542,0,109.08138429500104,IDLE
76.137044,1788157020.255792,0,109.18562702999043,IDLE
76.241324,1788157020.360073,0,109.2891983899899,IDLE
76.345187,1788157020.463936,0,109.3934236990026,IDLE
76.460556,1788157020.579305,0,109.50909054999647,IDLE
76.564185,1788157020.682934,0,109.61209283200151,IDLE
76.672014,1788157020.790763,0,109.7203155390016,APPROACH
76.775640,1788157020.894389,0,109.82424364300095,APPROACH
76.880135,1788157020.998883,0,109.92872913899191,APPROACH
76.983146,1788157021.101895,0,110.03132654799265,APPROACH
77.087741,1788157021.206489,0,110.13526292899041,APPROACH
77.196511,1788157021.315260,0,110.24283337200177,APPROACH
77.300628,1788157021.419377,0,110.34855472898926,APPROACH
77.405513,1788157021.524262,0,110.45347330199729,APPROACH
77.510350,1788157021.629098,0,110.55858319099934,APPROACH
77.612688,1788157021.731437,0,110.66131341599976,APPROACH
77.716678,1788157021.835427,0,110.7650707589928,APPROACH
77.820064,1788157021.938812,0,110.86869285999273,APPROACH
77.924861,1788157022.043609,0,110.97340174599958,APPROACH
78.030933,1788157022.149682,0,111.07879958199919,APPROACH
78.139303,1788157022.258052,0,111.18607839399192,APPROACH
78.242764,1788157022.361513,0,111.29137130299932,APPROACH
78.345722,1788157022.464471,0,111.3943389920023,APPROACH
78.447623,1788157022.566372,0,111.49612646999594,APPROACH
78.549559,1788157022.668308,0,111.59809200400196,APPROACH
78.653379,1788157022.772128,0,111.70196714399208,APPROACH
78.756889,1788157022.875638,0,111.80538540999987,APPROACH
78.860609,1788157022.979357,0,111.90885251099826,APPROACH
78.963151,1788157023.081900,0,112.01174657000229,APPROACH
79.066795,1788157023.185544,0,112.11538550499245,APPROACH
79.170412,1788157023.289161,0,112.21898766099184,APPROACH
79.277851,1788157023.396600,0,112.3228614309919,APPROACH
79.379876,1788157023.498625,0,112.42816491398844,APPROACH
79.486577,1788157023.605326,0,112.535182926993,APPROACH
79.588876,1788157023.707624,0,112.6372318329959,APPROACH
79.691215,1788157023.809964,0,112.73987700098951,APPROACH
79.793679,1788157023.912428,0,112.84201649999886,APPROACH
79.895960,1788157024.014709,0,112.94462629799091,APPROACH
79.999373,1788157024.118122,0,113.04798430499795,APPROACH
80.103111,1788157024.221860,0,113.15171481399739,APPROACH
80.208182,1788157024.326931,0,113.25675681399298,APPROACH
80.310254,1788157024.429003,0,113.35891714598984,APPROACH
80.413638,1788157024.532387,0,113.46221718899324,APPROACH
80.516752,1788157024.635501,0,113.56536834299914,APPROACH
80.621488,1788157024.740237,0,113.66972361599619,APPROACH
80.724021,1788157024.842770,0,113.77262335999694,APPROACH
80.826690,1788157024.945438,0,113.87491739699908,APPROACH
80.930480,1788157025.049229,0,113.97831244100234,APPROACH
81.037440,1788157025.156189,0,114.08600505099457,APPROACH
81.139617,1788157025.258366,0,114.18824521699571,APPROACH
81.244646,1788157025.363394,0,114.29212839399406,APPROACH
81.345698,1788157025.464446,0,114.39429743000073,APPROACH
81.447759,1788157025.566508,0,114.4964248729957,APPROACH
81.552063,1788157025.670811,0,114.60004295498948,APPROACH
81.654883,1788157025.773632,0,114.70342292499845,APPROACH
81.757271,1788157025.876019,0,114.80559909099247,APPROACH
81.859619,1788157025.978368,0,114.9082276479894,APPROACH
81.961927,1788157026.080675,0,115.01053025899455,APPROACH
82.063966,1788157026.182714,0,115.11261755299347,APPROACH
82.168720,1788157026.287468,0,115.21717388299294,APPROACH
82.270717,1788157026.389466,0,115.3193591409945,APPROACH
82.375472,1788157026.494220,0,115.42272522200074,APPROACH
82.476235,1788157026.594984,0,115.52484964599716,APPROACH
82.578482,1788157026.697231,0,115.62710544100264,APPROACH
82.681172,1788157026.799920,0,115.72978827699262,APPROACH
82.784498,1788157026.903247,0,115.83188329399854,APPROACH
82.888846,1788157027.007595,0,115.93745157499507,APPROACH
82.991960,1788157027.110708,0,116.0395140729961,APPROACH
83.093365,1788157027.212114,0,116.1416795529949,APPROACH
83.197351,1788157027.316100,0,116.24472637199506,APPROACH
83.298975,1788157027.417724,0,116.34760007899604,APPROACH
83.402778,1788157027.521527,0,116.4497909299971,APPROACH
83.504616,1788157027.623364,0,116.55319767798937,APPROACH
83.606981,1788157027.725729,0,116.65532180599985,APPROACH
83.714341,1788157027.833090,0,116.76259693199245,APPROACH
83.816946,1788157027.935695,0,116.86559376999503,APPROACH
83.923057,1788157028.041806,0,116.97161799800233,APPROACH
84.025936,1788157028.144685,0,117.07379879298969,APPROACH
84.128195,1788157028.246943,0,117.17686131699884,APPROACH
84.231987,1788157028.350735,0,117.2802024900011,APPROACH
84.336783,1788157028.455531,0,117.38347732900002,APPROACH
84.437623,1788157028.556371,0,117.4862783139979,APPROACH
84.541028,1788157028.659776,0,117.58948667199002,APPROACH
84.644840,1788157028.763588,0,117.69285415999184,APPROACH
84.747642,1788157028.866390,0,117.79599483199127,APPROACH
84.852249,1788157028.970998,0,117.89944254299917,APPROACH
84.957063,1788157029.075812,0,118.00531773400144,APPROACH
85.059479,1788157029.178227,0,118.10811149599613,APPROACH
85.161863,1788157029.280611,0,118.21021075299359,APPROACH
85.265446,1788157029.384195,0,118.31351988899405,APPROACH
85.368727,1788157029.487476,0,118.41730837999785,APPROACH
85.471036,1788157029.589784,0,118.51938765599334,APPROACH
85.574173,1788157029.692921,0,118.62280277399987,APPROACH
85.678049,1788157029.796798,0,118.72545846099092,APPROACH
85.780525,1788157029.899274,0,118.82873980099976,APPROACH
85.884658,1788157030.003407,0,118.93188980600098,APPROACH
85.988916,1788157030.107665,0,119.03749797699857,APPROACH
86.091242,1788157030.209991,0,119.13959867799713,APPROACH
86.199171,1788157030.317920,0,119.24699343499378,APPROACH
86.301627,1788157030.420375,0,119.34908796999662,APPROACH
86.406715,1788157030.525464,0,119.45446360200003,APPROACH
86.509860,1788157030.628608,0,119.55738864299201,APPROACH
86.612797,1788157030.731546,0,119.66114813399327,APPROACH
86.718028,1788157030.836777,0,119.76657635800075,APPROACH
86.820301,1788157030.939049,0,119.86864778200106,APPROACH
86.923806,1788157031.042554,0,119.97198049299186,APPROACH
87.028145,1788157031.146894,0,120.07635102499626,APPROACH
87.131726,1788157031.250475,0,120.17863469099393,APPROACH
87.236348,1788157031.355097,0,120.2844118810026,APPROACH
87.343358,1788157031.462107,0,120.38951863998955,APPROACH
87.446750,1788157031.565498,0,120.49465695599793,APPROACH
87.550211,1788157031.668960,0,120.59859387399047,APPROACH
87.653421,1788157031.772170,0,120.70180850899487,APPROACH
87.757759,1788157031.876508,0,120.80634898699645,APPROACH
87.860044,1788157031.978793,0,120.90869172698876,APPROACH
87.965002,1788157032.083751,0,121.01357535600255,APPROACH
88.067483,1788157032.186232,0,121.1158216509939,APPROACH
88.169761,1788157032.288509,0,121.21842876399751,APPROACH
88.272212,1788157032.390960,0,121.32054577999224,APPROACH
88.374879,1788157032.493627,0,121.42348672899243,APPROACH
88.478412,1788157032.597161,0,121.52699925500201,APPROACH
88.581896,1788157032.700644,0,121.63048763299594,APPROACH
88.687897,1788157032.806646,0,121.73644473199965,APPROACH
88.792007,1788157032.910756,0,121.84058370700222,APPROACH
88.896691,1788157033.015440,0,121.94457773599424,APPROACH
89.001466,1788157033.120214,0,122.04908660300134,APPROACH
89.105581,1788157033.224330,0,122.15375634099473,APPROACH
89.207931,1788157033.326680,0,122.25611443299567,APPROACH
89.311640,1788157033.430389,0,122.36024109298887,APPROACH
89.415531,1788157033.534280,0,122.46347563598829,APPROACH
89.520010,1788157033.638758,0,122.5685339509946,APPROACH
89.634099,1788157033.752847,0,122.67555192699365,APPROACH
89.738421,1788157033.857170,0,122.78524519999337,APPROACH
89.845188,1788157033.963937,0,122.89312146000157,APPROACH
89.949117,1788157034.067865,0,122.99754538098932,APPROACH
90.053346,1788157034.172095,0,123.10151398400194,APPROACH
90.156888,1788157034.275637,0,123.20537093900202,APPROACH
90.261052,1788157034.379800,0,123.30923033799627,APPROACH
90.366435,1788157034.485183,0,123.41450745100155,APPROACH
90.469449,1788157034.588198,0,123.51758349199372,APPROACH
90.572262,1788157034.691010,0,123.62089286898845,APPROACH
90.676418,1788157034.795166,0,123.72354801899928,APPROACH
90.780677,1788157034.899426,0,123.82899757700216,APPROACH
90.884509,1788157035.003257,0,123.93222384199908,APPROACH
90.988981,1788157035.107730,0,124.03760623298876,APPROACH
91.093482,1788157035.212230,0,124.14208665498882,APPROACH
91.198279,1788157035.317028,0,124.24687924599857,APPROACH
91.307523,1788157035.426272,0,124.35171535499103,APPROACH
91.412805,1788157035.531553,0,124.4598651349952,APPROACH
91.518047,1788157035.636795,0,124.56662509099988,APPROACH
91.622698,1788157035.741446,0,124.67127114399045,APPROACH
91.727007,1788157035.845756,0,124.77473842899781,APPROACH
91.832281,1788157035.951029,0,124.87865219899686,APPROACH
91.934334,1788157036.053082,0,124.98222913299105,APPROACH
92.038855,1788157036.157604,0,125.08565369599091,APPROACH
92.143371,1788157036.262120,0,125.19196148199262,APPROACH
92.248851,1788157036.367599,0,125.29712546399969,APPROACH
92.354947,1788157036.473696,0,125.40354323199426,APPROACH
92.459662,1788157036.578411,0,125.50826493398927,APPROACH
92.564291,1788157036.683040,0,125.61287605999678,APPROACH
92.668766,1788157036.787514,0,125.71739437099313,APPROACH
92.773406,1788157036.892154,0,125.82198560799588,APPROACH
92.878526,1788157036.997275,0,125.92543957899034,APPROACH
92.980947,1788157037.099695,0,126.0295339049917,APPROACH
93.085749,1788157037.204498,0,126.13305611698888,APPROACH
93.189431,1788157037.308180,0,126.23771722499805,APPROACH
93.292116,1788157037.410865,0,126.3404097820021,APPROACH
93.396587,1788157037.515335,0,126.4447832779988,APPROACH
93.502794,1788157037.621543,0,126.55102328499197,APPROACH
93.607537,1788157037.726285,0,126.65486170299118,APPROACH
93.710415,1788157037.829164,0,126.75771176199487,APPROACH
93.815498,1788157037.934247,0,126.86404782599129,APPROACH
93.924361,1788157038.043109,0,126.97196991900273,APPROACH
94.028075,1788157038.146824,0,127.0761299500009,APPROACH
94.132802,1788157038.251551,0,127.17978927299555,APPROACH
94.241595,1788157038.360343,0,127.28947869400145,APPROACH
94.346259,1788157038.465008,0,127.39429435899365,APPROACH
94.448930,1788157038.567678,0,127.4963269860018,APPROACH
94.552615,1788157038.671363,0,127.60118665099435,APPROACH
94.657633,1788157038.776381,0,127.70451967600093,APPROACH
94.765651,1788157038.884399,0,127.81364688900067,APPROACH
94.870103,1788157038.988851,0,127.9173917320004,APPROACH
94.974911,1788157039.093660,0,128.02345059000072,APPROACH
95.079303,1788157039.198052,0,128.12639396399027,APPROACH
95.181669,1788157039.300417,0,128.22968680399936,APPROACH
95.286196,1788157039.404944,0,128.33322590398893,APPROACH
95.390919,1788157039.509668,0,128.43812001399056,APPROACH
95.495786,1788157039.614535,0,128.54308921699703,APPROACH
95.603615,1788157039.722363,0,128.65214863300207,APPROACH
95.707599,1788157039.826348,0,128.75582569799735,APPROACH
95.814036,1788157039.932784,0,128.86259154199797,APPROACH
95.918343,1788157040.037092,0,128.96627523600182,APPROACH
96.020798,1788157040.139547,0,129.06939822300046,APPROACH
96.123882,1788157040.242630,0,129.1717417780019,APPROACH
96.226281,1788157040.345030,0,129.27488898699812,APPROACH
96.329688,1788157040.448437,0,129.3777945280017,APPROACH
96.433277,1788157040.552026,0,129.4812640529999,APPROACH
96.536640,1788157040.655388,0,129.5852670460008,APPROACH
96.640275,1788157040.759024,0,129.68891714699566,APPROACH
96.742929,1788157040.861678,0,129.7915547599987,APPROACH
96.847030,1788157040.965779,0,129.89558751200093,APPROACH
96.953889,1788157041.072638,0,130.00232428299205,APPROACH
97.058217,1788157041.176966,0,130.10614814399742,APPROACH
97.160038,1788157041.278786,0,130.20844649500214,APPROACH
97.263223,1788157041.381971,0,130.31140544399386,APPROACH
97.365717,1788157041.484466,0,130.4143215029908,APPROACH
97.469475,1788157041.588224,0,130.51727869200113,APPROACH
97.571373,1788157041.690122,0,130.61960604299384,APPROACH
97.673342,1788157041.792090,0,130.72195093199844,APPROACH
97.778835,1788157041.897583,0,130.82704365398968,APPROACH
97.882414,1788157042.001162,0,130.93100457199034,APPROACH
97.986295,1788157042.105043,0,131.03495997199207,APPROACH
98.088847,1788157042.207596,0,131.13713230399298,APPROACH
98.192087,1788157042.310836,0,131.24072508999961,APPROACH
98.297021,1788157042.415770,0,131.34392285399372,APPROACH
98.398550,1788157042.517299,0,131.4471663049917,APPROACH
98.502937,1788157042.621686,0,131.5515651149908,APPROACH
98.605300,1788157042.724049,0,131.65366152000206,APPROACH
98.707675,1788157042.826424,0,131.75634137399902,APPROACH
98.811449,1788157042.930197,0,131.8595479529904,APPROACH
98.914403,1788157043.033152,0,131.96264212499955,APPROACH
99.016556,1788157043.135304,0,132.06487634599034,APPROACH
99.122195,1788157043.240943,0,132.16860528099642,APPROACH
99.224976,1788157043.343724,0,132.27359131698904,APPROACH
99.327387,1788157043.446136,0,132.37571229699824,APPROACH
99.430416,1788157043.549165,0,132.47854559599364,APPROACH
99.532866,1788157043.651615,0,132.5806982239883,APPROACH
99.634953,1788157043.753702,0,132.68296931599616,APPROACH
99.738313,1788157043.857061,0,132.78692388199852,APPROACH
99.842692,1788157043.961441,0,132.89125828399847,APPROACH
